PLAYER,TEAM,OFFENSIVE ARCHETYPE,MINUTES,POSITION,AGE,TIER,LEBRON,O-LEBRON,D-LEBRON,WINS ADDED,BOXLEBRON,BOXOLEBRON,BOXDLEBRON,LA-RAPM,LA-O-RAPM,LA-D-RAPM
Aaron Gordon,DEN,Versatile Big,"2,063",PF,26,,0.55,1.44,-0.89,3.9,0.21,0.29,-0.08,0.23,1.59,-1.36
Aaron Henry,PHI,Low Minute,17,SF,22,,-1.05,-0.49,-0.56,0,-0.99,-0.44,-0.55,0.01,0.01,0.02
Aaron Holiday,WAS/PHO,Slasher,943,PG,25,,-1.03,-0.97,-0.05,0.8,-1.29,-0.94,-0.35,-1.7,-0.35,-1.35
Aaron Nesmith,BOS,Stationary Shooter,473,SF,22,,-1.97,-1.8,-0.17,0.1,-2.47,-1.84,-0.63,-1.44,-0.91,-0.52
Aaron Wiggins,OKC,Athletic Finisher,"1,034",SG,23,,-2.2,-1.6,-0.61,0.1,-2.56,-2.35,-0.21,0.39,0.35,0.04
Abdel Nader,PHO,Movement Shooter,145,SF,28,,-2.48,-2.37,-0.11,0,-2.05,-1.68,-0.37,-1.17,-1.39,0.22
Ade Murkey,SAC,Low Minute,1,SG,24,,-0.26,-0.2,-0.06,0,-0.26,-0.18,-0.08,0,0,0
Admiral Schofield,ORL,Stationary Shooter,332,SF,24,,-2.13,-1.93,-0.21,0,-1.79,-1.89,0.1,0,0,0
Ahmad Caver,IND,Low Minute,1,PG,25,,-0.22,0,-0.22,0,-0.24,-0.02,-0.22,0,0,0
Al Horford,BOS,Stretch Big,"1,822",C,35,,4.33,0.71,3.61,7.9,2.8,0.39,2.41,0.77,-0.16,0.93
Alec Burks,NYK,Primary Ball Handler,"1,938",SG,30,,0.23,0.22,0.01,3.3,0.23,-0.32,0.55,-0.07,0.33,-0.39
Aleem Ford,ORL,Stationary Shooter,74,SF,24,,-0.42,-0.53,0.11,0.1,-0.31,-0.51,0.2,0,0,0
Aleksej Pokusevski,OKC,Athletic Finisher,"1,063",PF,20,,-0.05,-1.21,1.16,1.6,-1.45,-1.79,0.34,-0.88,-1.68,0.8
Alex Caruso,CHI,Stationary Shooter,915,SG,28,,1.3,-0.53,1.83,2.2,-0.03,-0.75,0.71,3.01,1.47,1.54
Alex Len,SAC,Roll + Cut Big,573,C,28,,-1.49,-2.17,0.67,0.3,-1.35,-1.99,0.64,-0.39,-0.42,0.03
Alfonzo McKinnie,CHI,Athletic Finisher,206,SF,29,,-2.52,-1.42,-1.1,0,-1.74,-1.26,-0.48,-0.99,-0.53,-0.46
Alize Johnson,CHI/WAS/NOP,Roll + Cut Big,167,PF,25,,-1.23,-0.54,-0.69,0.1,-0.93,-0.7,-0.24,-1.44,0.07,-1.51
Alperen Sengun,HOU,Post Scorer,"1,255",C,19,,-1.67,-1.04,-0.63,0.6,-0.51,-0.77,0.27,-2.2,-0.09,-2.11
Amir Coffey,LAC,Stationary Shooter,"1,409",SG,24,,-0.81,-0.43,-0.38,1.4,-1.17,-0.82,-0.35,0.06,-0.73,0.79
Andre Drummond,PHI/BRK,Roll + Cut Big,"1,204",C,28,,1.9,-0.02,1.92,3.4,1.52,-0.51,2.03,-0.09,0.42,-0.51
Andre Iguodala,GSW,Athletic Finisher,518,SF,38,,1.64,-0.2,1.84,1.4,0.88,-0.27,1.16,1.64,0.08,1.56
Andrew Wiggins,GSW,Shot Creator,"2,006",SF,27,,0.96,-0.25,1.22,4.4,1.55,0.78,0.76,1.62,0.65,0.98
Anfernee Simons,POR,Shot Creator,"1,681",SG,22,,-1.32,1.07,-2.39,1.1,-2.11,0.71,-2.83,0.72,0.5,0.22
Anthony Davis,LAL,Post Scorer,"1,298",C,29,,2.8,0.95,1.85,4.4,2.72,1.49,1.23,0.28,0.09,0.19
Anthony Edwards,MIN,Shot Creator,"2,165",SG,20,,1.21,1.12,0.09,5.1,1.19,1.41,-0.22,0.78,1.14,-0.36
Anthony Gill,WAS,Roll + Cut Big,276,PF,29,,-0.2,-0.76,0.55,0.4,-1.07,-1.06,0,0.82,0.2,0.62
Anthony Lamb,SAS,Low Minute,8,SF,24,,-0.8,-0.49,-0.31,0,-0.76,-0.43,-0.33,0,0,0
Armoni Brooks,HOU/TOR,Movement Shooter,760,SG-PG,23,,-0.22,0.82,-1.03,1.1,-1.14,-0.23,-0.91,1.57,2.07,-0.5
Arnoldas Kulboka,CHO,Low Minute,3,SF,24,,-1.1,-0.45,-0.65,0,-1.01,-0.43,-0.58,-0.24,-0.04,-0.2
Austin Reaves,LAL,Stationary Shooter,"1,201",SG,23,,-0.46,-0.58,0.11,1.5,-1.99,-1.4,-0.58,0.51,-0.4,0.91
Austin Rivers,DEN,Stationary Shooter,"1,248",SG,29,,-2.05,-0.85,-1.2,0.2,-2.04,-1.54,-0.5,-1.05,0.69,-1.74
Avery Bradley,LAL,Stationary Shooter,"1,310",SG,31,,-4.27,-3.53,-0.74,-1.6,-2.53,-2.09,-0.44,-2.48,-2.2,-0.28
Ayo Dosunmu,CHI,Primary Ball Handler,"1,781",SG,22,,-1.18,-1.13,-0.05,1.4,-1.62,-1.48,-0.14,-0.68,-0.85,0.18
Bam Adebayo,MIA,Post Scorer,"1,545",C,24,,2.47,0.25,2.22,4.9,2.88,0.82,2.05,0.51,-0.36,0.88
Ben McLemore,POR,Off Screen Shooter,"1,006",SG,29,,-2.86,-0.87,-1.99,-0.3,-2.34,-0.33,-2.01,-0.64,-1.06,0.41
Bismack Biyombo,PHO,Roll + Cut Big,388,C,29,,0.75,-0.39,1.14,0.8,-0.37,-0.96,0.59,0,0,0
BJ Johnson,ORL,Athletic Finisher,65,SF,26,,-0.3,-0.45,0.15,0.1,-0.22,-0.33,0.11,0,0,0
Blake Griffin,BRK,Stretch Big,940,PF,33,,-0.12,-0.36,0.24,1.4,0.13,0.26,-0.13,0.55,-0.33,0.87
Boban Marjanovic,DAL,Post Scorer,100,C,33,,-0.56,-0.57,0.01,0.1,-0.94,-0.59,-0.35,0.9,0.32,0.59
Bobby Portis,MIL,Stretch Big,"1,788",C,27,,1.13,0.08,1.05,4.1,1.41,0.76,0.65,-0.43,-0.96,0.53
Bogdan Bogdanovic,ATL,Secondary Ball Handler,"1,566",SG,29,,1.31,1.84,-0.53,3.8,0.24,0.97,-0.74,1.37,1.84,-0.47
Bojan Bogdanovic,UTA,Movement Shooter,"1,979",PF,32,,-0.05,1.68,-1.73,3,0.87,1.98,-1.11,1,1.39,-0.4
Bol Bol,DEN,Roll + Cut Big,81,PF,22,,-0.6,-0.61,0.01,0.1,-0.7,-0.54,-0.16,0.28,0.03,0.25
Bones Hyland,DEN,Secondary Ball Handler,"1,085",PG,21,,-0.53,0.35,-0.88,1.3,0.15,0.6,-0.44,-0.21,-0.15,-0.07
Brad Wanamaker,IND/WAS,Secondary Ball Handler,320,PG,32,,-1.6,-1.57,-0.03,0.2,-1.67,-1.5,-0.17,-0.2,-0.41,0.21
Bradley Beal,WAS,Slasher,"1,439",SG,28,,1.22,1.09,0.13,3.4,0.1,1.3,-1.2,0.26,0.52,-0.26
Brandon Boston Jr.,LAC,Secondary Ball Handler,708,SG,20,,-2.38,-1.89,-0.5,0,-1.46,-1.07,-0.38,-1.25,-0.99,-0.26
Brandon Clarke,MEM,Roll + Cut Big,"1,104",PF,25,,1.95,1.45,0.5,3.1,1.36,0.64,0.72,0.63,0.98,-0.36
Brandon Goodwin,CLE,Secondary Ball Handler,440,PG,26,,-0.11,-0.14,0.03,0.6,-0.41,-0.34,-0.07,0,0,0
Brandon Ingram,NOP,Shot Creator,"1,712",SF,24,,0.95,1.34,-0.39,3.7,0.79,1.35,-0.56,-1.32,-0.5,-0.82
Brandon Knight,DAL,Low Minute,55,PG,30,,-0.68,-0.26,-0.43,0.1,-0.57,-0.24,-0.33,0,0,0
Brandon Williams,POR,Shot Creator,357,PG,22,,-1.41,0.08,-1.49,0.2,-0.79,0.15,-0.94,0,0,0
Braxton Key,PHI,Stretch Big,6,SF,25,,-0.95,-0.37,-0.58,0,-0.91,-0.32,-0.58,0,0,0
Brodric Thomas,BOS,Athletic Finisher,44,SG,25,,-0.97,-0.33,-0.64,0,-1.03,-0.37,-0.66,-0.07,-0.09,0.02
Brook Lopez,MIL,Stretch Big,79,C,33,,-0.59,-0.66,0.07,0.1,-0.74,-0.57,-0.17,0.53,0.3,0.24
Bruce Brown,BRK,Roll + Cut Big,"1,488",SF,25,,0.3,0.02,0.28,2.6,-0.28,-0.84,0.56,0.93,-0.05,0.98
Bruno Fernando,BOS/HOU,Roll + Cut Big,106,C,23,,-0.6,-0.31,-0.29,0.1,-0.57,-0.37,-0.21,-0.2,-0.09,-0.11
Bryn Forbes,SAS/DEN,Off Screen Shooter,"1,209",SG,28,,-1.56,-0.41,-1.15,0.6,-2.41,-0.62,-1.79,1.01,0.59,0.42
Buddy Hield,SAC/IND,Movement Shooter,"2,156",SG,29,,-0.18,1.42,-1.6,3.1,-1.18,0.38,-1.56,0.59,1.54,-0.95
Cade Cunningham,DET,Primary Ball Handler,"1,829",PG,20,,-1.38,-0.98,-0.41,1.2,-1.98,-1.35,-0.63,-1.03,-1.68,0.64
Caleb Martin,MIA,Athletic Finisher,"1,237",SF,26,,-0.21,-0.63,0.43,1.7,0.08,-0.56,0.63,0.62,0.48,0.15
Cam Reddish,ATL/NYK,Movement Shooter,"1,012",SF,22,,-4.04,-1.68,-2.36,-1.1,-1.09,-0.27,-0.82,-2.99,-1.05,-1.94
Cam Thomas,BRK,Secondary Ball Handler,"1,096",SG,20,,-2.09,-0.06,-2.03,0.2,-1.67,-0.53,-1.14,-0.81,0.12,-0.93
Cameron Johnson,PHO,Stationary Shooter,"1,579",PF,26,,1,0.42,0.57,3.5,0.72,0.75,-0.04,1.82,0.13,1.69
Cameron McGriff,POR,Athletic Finisher,46,SF,24,,-0.16,0.01,-0.17,0.1,-0.49,-0.39,-0.09,0,0,0
Cameron Oliver,ATL,Roll + Cut Big,43,SF,25,,-0.73,-0.36,-0.37,0,-0.5,-0.39,-0.12,0,0,0
Cameron Payne,PHO,Primary Ball Handler,"1,119",PG,27,,0.49,-0.14,0.63,2.1,-0.35,0.26,-0.61,-1.05,-1.52,0.48
Caris LeVert,IND/CLE,Slasher,"1,458",SG,27,,0.19,1.78,-1.59,2.4,0.09,0.97,-0.88,1.61,1.97,-0.35
Carlik Jones,DAL/DEN,Slasher,23,PG,24,,-0.62,-0.28,-0.34,0,-0.51,-0.23,-0.29,0,0,0
Carmelo Anthony,LAL,Versatile Big,"1,657",PF,37,,-2.08,-0.35,-1.73,0.3,-0.66,0,-0.66,-1.85,0.13,-1.99
Cassius Stanley,DET,Athletic Finisher,155,SG,22,,-1.84,-1.41,-0.43,0.1,-1.5,-1.39,-0.11,0,0,0
Cassius Winston,WAS,Secondary Ball Handler,27,PG,24,,-0.27,-0.09,-0.18,0,-0.18,-0.15,-0.02,-0.05,0.01,-0.07
Cat Barber,ATL,Slasher,13,PG,27,,-0.37,-0.29,-0.08,0,-0.36,-0.25,-0.11,0,0,0
Cedi Osman,CLE,Movement Shooter,"1,324",SF,26,,-2.19,-0.56,-1.62,0.1,-0.38,0.24,-0.62,-1.59,0.08,-1.67
Chandler Hutchison,PHO,Roll + Cut Big,22,SF,25,,-1.38,-0.61,-0.77,0,-1.37,-0.61,-0.77,-0.03,-0.16,0.13
Charles Bassey,PHI,Roll + Cut Big,168,PF,21,,-0.25,-1.03,0.78,0.2,-0.57,-1.13,0.56,0.46,0.14,0.33
Charlie Brown Jr.,DAL/PHI,Stretch Big,173,SG,25,,-1.83,-1.55,-0.28,0.1,-1.75,-1.28,-0.46,0,0,0
Chaundee Brown Jr.,LAL/ATL,Low Minute,104,SG-SF,23,,-0.95,-0.71,-0.24,0.1,-0.54,-0.44,-0.09,0,0,0
Cheick Diallo,DET,Roll + Cut Big,31,C,25,,-0.63,-0.66,0.03,0,-0.49,-0.5,0.01,0,0,0
Chimezie Metu,SAC,Stretch Big,"1,065",C,24,,-0.44,-1.72,1.28,1.3,-0.27,-0.95,0.67,0.89,-0.07,0.96
Chris Boucher,TOR,Stretch Big,"1,455",PF,29,,1.33,0.86,0.47,3.5,0.68,0,0.68,-0.18,0.05,-0.23
Chris Chiozza,GSW,Secondary Ball Handler,339,PG,26,,-2.41,-1.62,-0.79,0,-2.21,-1.41,-0.8,-0.56,-0.55,0.01
Chris Duarte,IND,Secondary Ball Handler,"1,541",SG,24,,-1.04,-0.5,-0.55,1.3,-1.48,-0.48,-1,2.19,1.23,0.96
Chris Paul,PHO,Slasher,"1,916",PG,36,,3.72,2.82,0.9,7.6,4.3,2.58,1.72,0.51,0.15,0.36
Chris Silva,MIN/MIA,Roll + Cut Big,91,PF,25,,-1.21,-1.09,-0.12,0.1,-0.77,-0.73,-0.04,0,0,0
Christian Wood,HOU,Stretch Big,"2,016",C,26,,-0.28,-0.47,0.19,2.7,0.78,0.75,0.02,-1.22,-0.7,-0.52
Chuma Okeke,ORL,Stationary Shooter,"1,459",PF,23,,-0.26,-1.3,1.04,2,-0.29,-1.22,0.93,-0.17,-0.12,-0.06
CJ Elleby,POR,Athletic Finisher,855,SF,21,,-2.41,-1.86,-0.56,0,-2.42,-2.16,-0.26,-0.71,-0.63,-0.08
CJ McCollum,POR/NOP,Secondary Ball Handler,"1,829",SG,30,,0.02,2.05,-2.03,2.8,0.09,1.35,-1.25,-1.76,0.11,-1.87
CJ Miles,BOS,Low Minute,2,SG,35,,-0.88,-0.21,-0.67,0,-0.85,-0.19,-0.65,0,0,0
Clint Capela,ATL,Roll + Cut Big,"1,753",C,27,,2.81,0.86,1.95,5.9,2.39,0.64,1.75,0.85,1.14,-0.29
Coby White,CHI,Secondary Ball Handler,"1,416",PG,22,,-0.72,1.31,-2.03,1.5,-1.01,0.25,-1.26,0.24,0.53,-0.3
Cody Martin,CHO,Stationary Shooter,"1,626",SF,26,,-0.07,-0.25,0.17,2.4,-1.19,-1.15,-0.04,0.95,1.82,-0.87
Cody Zeller,POR,Roll + Cut Big,355,C,29,,-0.4,-0.74,0.34,0.5,-0.77,-0.79,0.02,-0.52,-0.06,-0.46
Cole Anthony,ORL,Primary Ball Handler,"1,888",PG,21,,0.02,0.28,-0.26,2.9,-0.79,-0.29,-0.5,0.01,0.91,-0.91
Collin Sexton,CLE,Slasher,316,SG,23,,-2.04,-1.22,-0.81,0.1,-1.57,-0.55,-1.02,-1.26,-1.24,-0.02
Corey Kispert,WAS,Movement Shooter,"1,446",SF,23,,-1.24,0.16,-1.41,1,-2.18,-0.99,-1.2,-0.21,0.62,-0.84
Cory Joseph,DET,Primary Ball Handler,"1,497",PG,30,,-2.61,-1.88,-0.74,-0.3,-2.76,-2.01,-0.75,-0.65,-0.42,-0.23
Craig Sword,WAS,Stationary Shooter,19,SG,28,,-0.19,-0.26,0.07,0,-0.2,-0.21,0.01,0,0,0
D'Angelo Russell,MIN,Primary Ball Handler,"1,861",PG,26,,0.73,2.22,-1.49,3.8,1.52,2.26,-0.73,1.24,0.94,0.3
D.J. Augustin,HOU/LAL,Secondary Ball Handler,698,PG,34,,-3.08,-0.71,-2.37,-0.3,-2.02,-0.74,-1.28,-1.06,0.87,-1.94
D.J. Wilson,TOR,Roll + Cut Big,54,PF,26,,-0.87,-0.69,-0.17,0.1,-0.74,-0.63,-0.11,0,0,0
Daishen Nix,HOU,Secondary Ball Handler,156,SG,20,,-0.38,-0.52,0.14,0.2,-0.46,-0.6,0.14,-0.08,-0.07,-0.02
Dakota Mathias,MEM,Low Minute,16,SG,26,,-1.36,-0.61,-0.74,0,-1.25,-0.53,-0.72,0,0,0
Dalano Banton,TOR,Athletic Finisher,676,SF,22,,-1.27,-1.51,0.24,0.5,-1.92,-1.84,-0.08,0.18,0.15,0.02
Damian Jones,SAC,Roll + Cut Big,749,C,26,,-1.32,-1.69,0.37,0.5,-0.78,-1.35,0.57,1,0.63,0.37
Damian Lillard,POR,Shot Creator,"1,056",PG,31,,2.41,3.53,-1.12,3.3,1.01,2.76,-1.75,3.18,2.01,1.16
Damion Lee,GSW,Stationary Shooter,"1,069",SG,29,,-1.8,-0.96,-0.84,0.4,-0.83,-0.88,0.05,0.01,0.3,-0.29
Damyean Dotson,NYK,Off Screen Shooter,21,SG,27,,-0.39,-0.16,-0.23,0,-0.49,-0.33,-0.16,0,0,0
Daniel Gafford,WAS,Roll + Cut Big,"1,251",C,23,,1.47,-0.06,1.53,3.1,0.98,-0.37,1.35,0.75,0.27,0.47
Daniel Oturu,TOR,Roll + Cut Big,27,C,22,,-0.95,-0.66,-0.29,0,-0.85,-0.58,-0.27,0,0,0
Daniel Theis,HOU/BOS,Stretch Big,744,C,29,,-1.51,-2.42,0.91,0.4,-0.92,-1.25,0.33,-1.93,-1.98,0.05
Danilo Gallinari,ATL,Versatile Big,"1,458",PF,33,,-0.31,0.97,-1.28,1.9,-0.13,0.55,-0.69,-1.48,0.05,-1.54
Danny Green,PHI,Stationary Shooter,"1,123",SF,34,,-1.29,-2.27,0.98,0.8,-1.47,-1.79,0.32,1.95,0.17,1.78
Danuel House Jr.,HOU/NYK/UTA,Stationary Shooter,582,SF,28,,-2.17,-1.34,-0.83,0.1,-0.57,-0.53,-0.04,-2.65,-1.18,-1.47
DaQuan Jeffries,MEM,Low Minute,9,SG,24,,-1.21,-0.5,-0.72,0,-1.23,-0.53,-0.7,0,0,0
Darius Bazley,OKC,Stationary Shooter,"1,881",PF,21,,-2,-2,-0.01,0.4,-1.29,-2.03,0.75,-0.99,-0.77,-0.21
Darius Garland,CLE,Primary Ball Handler,"2,063",PG,22,,2.29,2.1,0.2,6.3,1.18,1.65,-0.47,1.07,0.61,0.46
Darren Collison,LAL,Low Minute,37,PG,34,,-0.87,-0.5,-0.38,0,-0.58,-0.36,-0.21,0,0,0
David Duke Jr.,BRK,Athletic Finisher,340,PG,22,,-0.73,-0.45,-0.29,0.4,-1.42,-1.1,-0.32,0.25,0.57,-0.32
David Johnson,TOR,Off Screen Shooter,2,SG,21,,-0.73,-0.4,-0.33,0,-0.73,-0.4,-0.33,0.01,0.01,-0.02
David Nwaba,HOU,Stretch Big,596,SF,29,,0.29,-0.27,0.56,1,0.13,-0.64,0.77,-0.43,-0.63,0.2
Davion Mitchell,SAC,Primary Ball Handler,"1,718",PG,23,,-2.43,-1.62,-0.81,-0.1,-2.92,-1.12,-1.8,0.96,-0.06,1.02
Davis Bertans,WAS/DAL,Off Screen Shooter,691,PF,29,,-0.61,-0.26,-0.35,0.8,-1.23,-0.57,-0.66,-0.59,-0.23,-0.36
Davon Reed,DEN,Movement Shooter,536,SG,26,,-1.02,-1.33,0.31,0.5,-0.85,-1.2,0.35,-0.14,-0.55,0.41
Day'Ron Sharpe,BRK,Roll + Cut Big,391,PF,20,,-0.41,0.29,-0.7,0.5,-0.56,-0.04,-0.52,-0.02,-0.33,0.32
De'Aaron Fox,SAC,Slasher,"2,084",PG,24,,-0.79,1.45,-2.24,2.1,-0.66,0.71,-1.37,-2.33,0.48,-2.81
De'Andre Hunter,ATL,Stationary Shooter,"1,286",SF,24,,-1.16,-1.35,0.19,1,-1.2,-0.84,-0.36,-1.35,-0.77,-0.59
De'Anthony Melton,MEM,Movement Shooter,"1,413",SG,23,,1.41,0.21,1.2,3.5,0.8,0.06,0.74,0.96,0.53,0.43
Dean Wade,CLE,Stationary Shooter,980,PF,25,,-0.63,-1.87,1.24,1.1,-1.21,-1.57,0.36,0.01,-1.18,1.17
Deandre Ayton,PHO,Post Scorer,"1,493",C,23,,1,0.3,0.7,3.3,1.77,0.64,1.13,0.14,0.39,-0.25
DeAndre Jordan,LAL/PHI,Roll + Cut Big,521,C,33,,-0.86,-2.08,1.23,0.5,0.07,-1.46,1.53,-1.34,-1.44,0.1
DeAndre' Bembry,BRK/MIL,Roll + Cut Big,"1,026",SF,27,,-2.03,-1.7,-0.33,0.2,-1.13,-1.89,0.75,-1.39,-0.2,-1.19
Deividas Sirvydis,DET,Athletic Finisher,27,SG,21,,-0.76,-0.69,-0.07,0,-0.39,-0.42,0.03,0,0,0
DeJon Jarreau,IND,Low Minute,1,SG,24,,-0.25,-0.01,-0.24,0,-0.24,-0.02,-0.22,-0.03,0.01,-0.05
Dejounte Murray,SAS,Slasher,"2,187",PG,25,,3.12,2.63,0.49,7.8,2.85,2.3,0.56,0.34,0.82,-0.49
Delon Wright,ATL,Primary Ball Handler,"1,209",SG,29,,0.36,-0.51,0.87,2.2,0.16,-0.55,0.71,0.01,-1.01,1.02
DeMar DeRozan,CHI,Shot Creator,"2,414",PF,32,,1.38,2.6,-1.22,5.9,1.68,2.56,-0.88,1.03,0.1,0.93
DeMarcus Cousins,MIL/DEN,Stretch Big,596,C,31,,2.23,1.3,0.93,1.8,1.24,0.51,0.73,1.04,0.8,0.24
Deni Avdija,WAS,Stationary Shooter,"1,663",SF,21,,0.87,-0.64,1.51,3.5,-0.72,-1.32,0.6,2.92,1.09,1.83
Dennis Schroder,BOS/HOU,Stationary Shooter,"1,765",SG-PG,28,,-1.52,-1.16,-0.36,0.9,-0.49,0.11,-0.59,-0.13,-0.12,0.01
Dennis Smith Jr.,POR,Slasher,638,PG,24,,-0.63,-1.26,0.63,0.7,-0.44,-0.95,0.51,-1.98,-1.12,-0.86
Denzel Valentine,CLE/UTA,Stationary Shooter,222,SG,28,,-1.65,-1.17,-0.48,0.1,-1.33,-0.85,-0.49,-1.06,-1.14,0.08
Derrick Favors,OKC,Roll + Cut Big,653,C,30,,-0.45,-1.9,1.45,0.8,-1.11,-1.68,0.57,0.38,-0.52,0.9
Derrick Jones Jr.,CHI,Stretch Big,799,PF,25,,-0.42,-0.83,0.41,1,-1.32,-1.84,0.51,1.35,2.25,-0.9
Derrick Rose,NYK,Secondary Ball Handler,636,PG,33,,-0.35,0.03,-0.38,0.8,-0.57,0.22,-0.79,1.4,0.78,0.62
Derrick Walton Jr.,DET,Secondary Ball Handler,108,PG,26,,-0.15,-0.74,0.59,0.2,-0.39,-0.72,0.33,0,0,0
Derrick White,SAS/BOS,Secondary Ball Handler,"1,930",SG,27,,1.1,0.33,0.77,4.4,0.6,0.58,0.02,-1.05,-1.11,0.06
Desmond Bane,MEM,Movement Shooter,"2,043",SF,23,,1.23,1.3,-0.07,4.8,1.42,1.27,0.14,0.98,-0.12,1.1
Devin Booker,PHO,Shot Creator,"2,094",SG,25,,2.48,2.9,-0.41,6.6,2.76,2.68,0.07,1.33,0.54,0.79
Devin Vassell,SAS,Movement Shooter,"1,691",SF,21,,0.08,-0.57,0.65,2.7,-0.81,-0.63,-0.18,-0.22,0.19,-0.42
Devon Dotson,CHI,Secondary Ball Handler,85,PG,22,,-0.7,-0.41,-0.29,0.1,-0.68,-0.41,-0.27,-0.5,-0.2,-0.3
Devontae Cacok,SAS,Roll + Cut Big,92,PF,25,,-0.66,-0.97,0.31,0.1,-0.56,-0.88,0.33,0.09,0.09,0.01
Devonte' Graham,NOP,Primary Ball Handler,"1,984",PG,27,,0.83,1.73,-0.9,4.1,-0.15,0.65,-0.8,0.77,1.3,-0.53
Dewayne Dedmon,MIA,Roll + Cut Big,961,C,32,,-0.2,-1.25,1.05,1.4,0.08,-1.58,1.66,1.65,1.57,0.08
Didi Louzada,NOP,Low Minute,7,SF,22,,-0.29,-0.18,-0.11,0,-0.31,-0.26,-0.05,0.09,0.25,-0.16
Dillon Brooks,MEM,Slasher,688,SF,26,,0.44,0.37,0.07,1.3,-0.43,0.37,-0.8,0.86,0.71,0.15
Domantas Sabonis,IND/SAC,Post Scorer,"2,136",C-PF,25,,2.48,1.17,1.31,6.8,1.69,1.54,0.15,0.89,0.4,0.49
Donovan Mitchell,UTA,Primary Ball Handler,"1,987",SG,25,,1.97,3.52,-1.56,5.6,3.34,4.13,-0.79,1.82,1.73,0.09
Donte DiVincenzo,MIL/SAC,Stationary Shooter,745,SG,25,,-2.38,-1.08,-1.3,0,-0.78,-0.26,-0.52,0,0,0
Dorian Finney-Smith,DAL,Stationary Shooter,"2,322",PF,28,,0.23,0.17,0.07,3.9,0.06,-0.66,0.72,1.24,1.14,0.1
Doug McDermott,SAS,Movement Shooter,"1,223",PF,30,,-2.22,-0.19,-2.02,0.1,-2.03,-0.67,-1.37,0.35,0.83,-0.48
Draymond Green,GSW,Roll + Cut Big,"1,079",PF,32,,2.67,-0.68,3.36,3.6,2.13,-0.61,2.74,0.87,-0.07,0.94
Drew Eubanks,SAS/POR,Roll + Cut Big,923,C,25,,-1.07,-1.35,0.28,0.8,-0.47,-1.03,0.56,-0.77,-1.34,0.58
Duane Washington Jr.,IND,Movement Shooter,801,PG,21,,-2.34,-0.2,-2.14,0,-2.07,-0.4,-1.66,-0.41,-0.12,-0.29
Duncan Robinson,MIA,Movement Shooter,"1,829",SG,27,,0.12,-0.08,0.19,3,0.44,0.4,0.03,0.98,0.41,0.58
Dwight Howard,LAL,Roll + Cut Big,760,C,36,,-0.21,-1.29,1.09,1.1,0.15,-1.13,1.28,0.11,-0.55,0.65
Dwight Powell,DAL,Roll + Cut Big,"1,547",C,30,,0.15,-0.13,0.28,2.5,0.08,-0.35,0.43,-1.25,-1.27,0.02
Dylan Windler,CLE,Stationary Shooter,379,SF,25,,-2.41,-2.27,-0.14,0,-1.62,-1.58,-0.04,-2,-1.4,-0.59
Ed Davis,CLE,Roll + Cut Big,185,C,32,,-1.42,-2.35,0.93,0.1,-1.17,-2.08,0.91,-0.69,-0.57,-0.11
Elfrid Payton,PHO,Slasher,513,PG,28,,-2.18,-2.01,-0.17,0.1,-2.22,-1.96,-0.26,-0.51,0.12,-0.62
Elijah Hughes,UTA/POR,Stationary Shooter,269,SF-SG,24,,-2.67,-0.95,-1.72,-0.1,-0.93,-0.56,-0.37,-0.77,-0.25,-0.52
Emanuel Terry,PHO,Roll + Cut Big,18,PF,25,,-1.68,-0.71,-0.96,0,-1.31,-0.5,-0.81,0,0,0
Emmanuel Mudiay,SAC,Low Minute,11,PG,26,,-0.35,-0.26,-0.09,0,-0.27,-0.21,-0.07,0,0,0
Enes Freedom,BOS,Post Scorer,411,C,29,,-0.69,-1.12,0.43,0.4,-1.36,-1.48,0.12,1.13,0.35,0.78
Eric Bledsoe,LAC,Primary Ball Handler,"1,361",PG,32,,-1.26,-1.34,0.08,1,-0.68,-0.97,0.29,-2.53,-1.62,-0.91
Eric Gordon,HOU,Secondary Ball Handler,"1,625",SG,33,,-1.97,-0.19,-1.79,0.4,-2.87,-0.81,-2.06,-1.27,-0.74,-0.53
Eric Paschall,UTA,Stationary Shooter,655,PF,25,,-1.9,-0.3,-1.6,0.2,-1.26,0.03,-1.29,-0.54,-0.43,-0.11
Eugene Omoruyi,DAL,Stretch Big,18,SF,25,,-0.44,-0.23,-0.21,0,-0.53,-0.25,-0.28,0.11,0.01,0.11
Evan Fournier,NYK,Movement Shooter,"2,050",SG,29,,-1.26,-0.03,-1.23,1.5,-0.6,-0.07,-0.53,-1.06,-0.46,-0.61
Evan Mobley,CLE,Roll + Cut Big,"2,190",PF,20,,1.5,-0.94,2.44,5.5,1.18,-0.8,1.98,1.39,-0.91,2.3
Facundo Campazzo,DEN,Primary Ball Handler,"1,173",PG,30,,-1.82,-1.74,-0.07,0.4,0.28,-0.26,0.54,-4.09,-1.95,-2.13
Frank Jackson,DET,Movement Shooter,983,PG,23,,-2.38,-1,-1.37,0,-2.7,-0.92,-1.78,-1.03,-1.27,0.25
Frank Kaminsky,PHO,Roll + Cut Big,181,C,28,,-1.23,-1.35,0.12,0.1,-1.1,-0.71,-0.39,-0.27,-0.9,0.63
Frank Ntilikina,DAL,Stationary Shooter,639,PG,23,,-0.53,-0.96,0.43,0.8,-1.25,-1.07,-0.17,1.62,0.07,1.55
Franz Wagner,ORL,Secondary Ball Handler,"2,278",SF,20,,-0.07,-0.17,0.1,3.4,-1.95,-1.35,-0.6,-0.7,-0.49,-0.21
Fred VanVleet,TOR,Primary Ball Handler,"2,216",PG,28,,2.22,1.57,0.64,6.6,1.79,1.91,-0.12,1.22,0.59,0.63
Freddie Gillespie,ORL,Roll + Cut Big,119,PF,24,,0.34,-1.01,1.34,0.2,-0.22,-1.01,0.8,0,0,0
Furkan Korkmaz,PHI,Secondary Ball Handler,"1,329",SG,24,,-2.31,-1.03,-1.28,0,-1.55,-0.61,-0.94,-1.19,-0.75,-0.44
Gabe Vincent,MIA,Primary Ball Handler,"1,483",PG,25,,-1.33,-1.52,0.19,1,-0.58,-0.6,0.02,0.77,-0.56,1.34
Gabriel Deck,OKC,Stretch Big,56,PF,27,,-0.59,-0.68,0.09,0.1,-0.45,-0.56,0.11,-0.26,-0.11,-0.15
Garrett Temple,NOP,Stationary Shooter,"1,059",SG,35,,-3.61,-2.77,-0.84,-0.9,-1.3,-1.6,0.3,-4.6,-2.39,-2.21
Garrison Mathews,HOU,Movement Shooter,"1,463",SG,25,,-0.67,0.41,-1.09,1.6,-1.63,-0.56,-1.07,-0.1,1.23,-1.34
Gary Clark,NOP,Stationary Shooter,331,PF,27,,-0.51,-0.93,0.42,0.4,-0.53,-1.1,0.56,-0.08,-0.22,0.14
Gary Harris,ORL,Stationary Shooter,"1,710",SG,27,,-2.01,-1.38,-0.62,0.4,-2.83,-1.7,-1.13,-0.4,-0.34,-0.05
Gary Payton II,GSW,Stretch Big,"1,017",PG,29,,1.93,0.17,1.76,2.9,1.3,-0.2,1.5,2.44,1.41,1.04
Gary Trent Jr.,TOR,Secondary Ball Handler,"2,158",SG,23,,1.16,1.45,-0.29,5,0.47,0.52,-0.05,1.13,1.27,-0.13
George Hill,MIL,Secondary Ball Handler,"1,079",SG,35,,-0.46,-0.89,0.43,1.3,-1.4,-1.15,-0.25,0.86,1,-0.14
George King,DAL,Movement Shooter,19,SF,28,,-0.92,-0.39,-0.53,0,-0.58,-0.3,-0.27,0,0,0
Georges Niang,PHI,Stationary Shooter,"1,573",PF,28,,-1.78,-0.57,-1.21,0.6,-1.91,-0.87,-1.04,0.44,0.31,0.13
Georgios Kalaitzakis,MIL,Athletic Finisher,48,SF,23,,-1.71,-0.92,-0.79,0,-0.86,-0.57,-0.29,-2.22,-0.9,-1.32
Giannis Antetokounmpo,MIL,Slasher,"1,940",PF,27,,6.12,4.31,1.81,10.5,6.51,4.92,1.59,2.3,0.94,1.36
Goga Bitadze,IND,Stretch Big,566,C,22,,-0.22,0.13,-0.35,0.8,0.17,-0.15,0.32,-0.44,-0.07,-0.37
Goran Dragic,TOR/BRK,Secondary Ball Handler,398,PG,35,,-0.76,-0.38,-0.38,0.4,-1.38,-0.72,-0.65,-0.25,-0.46,0.21
Gordon Hayward,CHO,Movement Shooter,"1,547",SF,31,,-0.97,-0.85,-0.12,1.4,-0.35,0.27,-0.62,-1.33,-0.85,-0.49
Gorgui Dieng,ATL,Stretch Big,357,C,32,,-0.09,-0.79,0.7,0.5,0.82,-0.15,0.97,0.45,-0.3,0.75
Grant Williams,BOS,Athletic Finisher,"1,634",PF,23,,-2.3,-2.04,-0.26,0,-0.82,-1.46,0.64,-1.04,-1.13,0.09
Grayson Allen,MIL,Movement Shooter,"1,622",SG,26,,-0.17,-0.4,0.23,2.3,0.3,0.36,-0.06,0.01,-0.06,0.07
Greg Brown III,POR,Stretch Big,414,SF,20,,-1.83,-2.2,0.37,0.1,-1.16,-1.93,0.76,-1.04,-0.56,-0.49
Greg Monroe,MIN/WAS/MIL,Roll + Cut Big,150,C,31,,-0.75,-0.32,-0.43,0.2,-0.74,-0.49,-0.26,0,0,0
Hamidou Diallo,DET,Athletic Finisher,"1,269",SG,23,,-1.2,-1.69,0.5,1,-1.12,-1.23,0.11,0.3,-0.38,0.67
Harrison Barnes,SAC,Stationary Shooter,"2,302",PF,29,,-0.79,0.96,-1.75,2.3,-0.85,0.48,-1.33,-1.02,1.02,-2.03
Hassan Whiteside,UTA,Roll + Cut Big,"1,071",C,32,,2.93,0.77,2.17,3.7,2.37,-0.06,2.43,0.99,1.28,-0.29
Hassani Gravett,ORL,Secondary Ball Handler,171,PG,25,,-0.33,-0.8,0.47,0.2,-0.63,-0.94,0.31,0,0,0
Haywood Highsmith,MIA,Athletic Finisher,107,SF,25,,-1.4,-0.97,-0.43,0.1,-1.1,-0.89,-0.21,0,0,0
Herbert Jones,NOP,Athletic Finisher,"2,067",PF,23,,1.92,-0.26,2.18,5.8,-0.64,-1.74,1.1,2.72,1.3,1.43
Ignas Brazdeikis,ORL,Stationary Shooter,321,SF,23,,-1.97,-1.18,-0.79,0.1,-1.46,-1.09,-0.36,-1.56,-0.91,-0.65
Immanuel Quickley,NYK,Primary Ball Handler,"1,483",PG,22,,1.22,1.61,-0.39,3.5,-0.49,0.3,-0.79,0.65,0.71,-0.06
Isaac Bonga,TOR,Stretch Big,69,SF,22,,-1.18,-0.95,-0.23,0.1,-1.05,-0.87,-0.19,-0.13,-0.28,0.15
Isaac Okoro,CLE,Athletic Finisher,"1,689",SF,21,,-0.34,-0.6,0.26,2.2,-1.22,-1.6,0.39,0.72,-0.18,0.9
Isaiah Hartenstein,LAC,Roll + Cut Big,"1,005",C,23,,2.08,0.01,2.07,2.9,1.26,-0.58,1.84,2.04,0.66,1.39
Isaiah Jackson,IND,Roll + Cut Big,407,PF,20,,0.66,-0.6,1.26,0.8,1.21,-0.56,1.77,-0.46,-0.02,-0.44
Isaiah Joe,PHI,Movement Shooter,561,SG,22,,-2.43,-1.37,-1.06,0,-2.42,-1.18,-1.24,-0.7,-0.12,-0.58
Isaiah Livers,DET,Movement Shooter,215,SF,23,,-1.24,-0.69,-0.55,0.2,-1.19,-1.07,-0.12,0,0,0
Isaiah Roby,OKC,Stretch Big,652,PF,24,,-1.22,-1.41,0.19,0.5,-0.47,-1.08,0.62,-0.44,-0.24,-0.2
Isaiah Stewart,DET,Roll + Cut Big,"1,577",C,20,,-0.85,-2.72,1.87,1.5,-2.03,-2.45,0.42,-0.62,-2.24,1.61
Isaiah Thomas,LAL/DAL/CHO,Secondary Ball Handler,209,PG,33,,-0.76,-0.24,-0.51,0.2,-0.84,-0.18,-0.66,0,0,0
Isaiah Todd,WAS,Movement Shooter,41,PF,20,,-0.14,-0.19,0.05,0.1,-0.05,-0.07,0.03,-0.1,-0.12,0.02
Ish Smith,CHO/WAS,Slasher,874,PG,33,,-2.1,-1.64,-0.46,0.1,-1.4,-1.14,-0.26,-1.22,-1.07,-0.16
Ish Wainright,PHO,Athletic Finisher,287,PF,27,,-2.43,-1.8,-0.63,0,-2.72,-2.11,-0.61,0.12,0.01,0.13
Ivica Zubac,LAC,Post Scorer,"1,643",C,25,,0.53,-1.04,1.57,3.1,0.65,-0.83,1.47,0.1,-0.26,0.35
Ja Morant,MEM,Slasher,"1,862",PG,22,,3.71,4.09,-0.38,7.4,2.5,3.24,-0.74,0.67,0.7,-0.03
Jabari Parker,BOS,Stretch Big,112,PF,27,,-1.39,-0.67,-0.72,0.1,-1.24,-0.69,-0.56,-0.24,0.51,-0.75
Jaden McDaniels,MIN,Athletic Finisher,"1,749",PF,21,,-1.25,-1.9,0.65,1.3,-1.56,-1.71,0.15,0.15,-1.1,1.25
Jaden Springer,PHI,Roll + Cut Big,6,SG,19,,-0.9,-0.33,-0.57,0,-0.9,-0.33,-0.57,0.01,0.01,0.02
Jae Crowder,PHO,Stationary Shooter,"1,692",PF,31,,1.16,-0.51,1.67,3.9,1.49,-0.38,1.87,1.91,1.28,0.63
Jae'Sean Tate,HOU,Stretch Big,"1,805",SF,26,,-1.25,-0.99,-0.26,1.3,-1.26,-0.68,-0.57,-1.72,-1.24,-0.48
Jahmi'us Ramsey,SAC,Secondary Ball Handler,134,SG,20,,-1.18,-0.5,-0.68,0.1,-1.21,-0.73,-0.47,0.13,0.7,-0.57
Jaime Echenique,WAS,Low Minute,3,C,24,,-0.1,-0.09,-0.01,0,-0.1,-0.08,-0.01,0,0,0
Jake Layman,MIN,Athletic Finisher,199,SF,28,,-1.85,-1.46,-0.39,0.1,-1.88,-1.43,-0.45,0.1,0.11,0.01
Jakob Poeltl,SAS,Roll + Cut Big,"1,749",C,26,,3.26,1.7,1.56,6.4,0.8,0.02,0.78,2.12,2.05,0.06
Jalen Brunson,DAL,Slasher,"2,212",PG,25,,1.22,1.62,-0.39,5.2,0.33,0.55,-0.22,1.67,2.07,-0.41
Jalen Green,HOU,Secondary Ball Handler,"1,776",SG,20,,-3.69,-1.59,-2.11,-1.5,-2.44,-0.5,-1.94,-2.99,-2.37,-0.62
Jalen Johnson,ATL,Stretch Big,69,PF,20,,-1.17,-1.08,-0.08,0.1,-0.68,-0.68,0,0.01,-0.11,0.11
Jalen McDaniels,CHO,Stationary Shooter,759,SF,24,,-2.25,-1.77,-0.49,0,-1.83,-1.59,-0.24,-0.77,-0.28,-0.49
Jalen Smith,PHO/IND,Stretch Big,778,PF,22,,-0.17,0.39,-0.56,1.1,0.09,-0.02,0.11,0.34,0.33,0.02
Jalen Suggs,ORL,Primary Ball Handler,"1,273",PG,20,,-1.26,-2.02,0.76,0.9,-1.63,-1.65,0.02,-0.52,-0.7,0.18
James Bouknight,CHO,Movement Shooter,296,SG,21,,-2.15,-0.06,-2.09,0,-2.13,-0.34,-1.8,-0.51,0.4,-0.91
James Ennis III,BRK/LAC/DEN,Stretch Big,56,SF,31,,-0.41,-0.21,-0.2,0.1,-0.47,-0.22,-0.25,0,0,0
James Harden,BRK/PHI,Shot Creator,"2,045",PG-SG,32,,2.59,3.25,-0.66,6.6,3.14,3.06,0.09,0.3,1.53,-1.23
James Johnson,BRK,Stretch Big,"1,091",PF,35,,-1.37,-0.88,-0.5,0.7,-1.32,-1.47,0.15,0.19,0.19,0.01
Jamorko Pickett,DET,Stretch Big,89,PF,24,,-1,-0.76,-0.25,0.1,-0.89,-0.9,0.01,0.14,-0.11,0.25
JaMychal Green,DEN,Stretch Big,953,PF,31,,-0.45,-1.04,0.59,1.2,0.18,-0.57,0.75,-2.35,-1.43,-0.92
JaQuori McLaughlin,DAL,Low Minute,11,PG,24,,-0.7,-0.27,-0.43,0,-0.54,-0.25,-0.29,-0.17,-0.04,-0.13
Jared Butler,UTA,Shot Creator,288,SG,21,,-1.53,0.07,-1.6,0.2,-0.66,0.11,-0.76,-0.6,-0.33,-0.27
Jared Harper,NOP,Low Minute,10,PG,24,,-0.49,-0.35,-0.14,0,-0.3,-0.26,-0.04,0,0,0
Jaren Jackson Jr.,MEM,Stretch Big,"1,940",PF,22,,3.1,0.7,2.4,6.9,2.45,0.39,2.06,2.6,0.58,2.02
Jarred Vanderbilt,MIN,Roll + Cut Big,"1,673",PF,22,,0.1,-0.89,0.99,2.7,0.8,-0.94,1.74,-0.11,0.1,-0.21
Jarrett Allen,CLE,Roll + Cut Big,"1,810",C,23,,2.8,0.58,2.23,6.1,2.31,0.59,1.72,1.52,0.57,0.95
Jarrett Culver,MEM,Secondary Ball Handler,274,SG,23,,-1.69,-0.75,-0.94,0.1,-1.67,-1.08,-0.59,1.11,0.95,0.16
Jarron Cumberland,POR,Low Minute,12,SG,24,,-0.29,-0.23,-0.06,0,-0.41,-0.32,-0.09,0,0,0
JaVale McGee,PHO,Roll + Cut Big,"1,037",C,34,,1.86,0.28,1.58,2.9,1.26,-0.05,1.31,1.39,0.24,1.15
Javin DeLaurier,MIL,Low Minute,3,C,23,,-0.52,-0.2,-0.32,0,-0.51,-0.23,-0.28,0,0,0
Javonte Green,CHI,Stretch Big,"1,309",SF,28,,-0.26,-1.22,0.95,1.8,-0.55,-1.04,0.5,0.16,-0.69,0.85
Javonte Smart,MIL/MIA,Secondary Ball Handler,164,PG,22,,-1.72,-1.38,-0.34,0.1,-1.54,-1.21,-0.33,0.84,0.38,0.46
Jaxson Hayes,NOP,Roll + Cut Big,"1,158",C,21,,0.2,-0.02,0.22,1.9,-0.33,-0.87,0.53,-1.39,-1.07,-0.31
Jay Huff,LAL,Low Minute,20,C,24,,-0.22,-0.24,0.02,0,-0.4,-0.19,-0.22,0.39,0.11,0.28
Jay Scrubb,LAC,Secondary Ball Handler,121,SG,21,,-0.78,-0.64,-0.14,0.1,-0.91,-0.72,-0.19,0.27,0.31,-0.04
Jaylen Brown,BOS,Stationary Shooter,"1,958",SF,25,,1.41,1.17,0.24,4.8,1.72,1.61,0.1,-0.19,-0.86,0.67
Jaylen Hoard,OKC,Roll + Cut Big,2,SF,22,,-0.1,-0.21,0.12,0,-0.08,-0.21,0.13,0,0,0
Jaylen Morris,SAS,Low Minute,16,SG,26,,-0.73,-0.45,-0.28,0,-0.81,-0.48,-0.33,0,0,0
Jaylen Nowell,MIN,Secondary Ball Handler,836,SG,22,,0.14,1.42,-1.27,1.4,-0.44,0.65,-1.09,0.11,0.63,-0.52
Jaysean Paige,DET,Secondary Ball Handler,7,PG,27,,-0.55,-0.45,-0.1,0,-0.35,-0.33,-0.02,0,0,0
Jayson Tatum,BOS,Shot Creator,"2,506",SF,24,,4.8,3.84,0.96,11.6,3.64,2.94,0.69,1.7,1.19,0.51
Jeff Dowtin,GSW/MIL,Athletic Finisher,31,PG,24,,-0.55,-0.13,-0.42,0,-0.65,-0.2,-0.45,0.14,-0.04,0.18
Jeff Green,DEN,Stretch Big,"1,658",C,35,,-1.04,-0.85,-0.2,1.4,-0.8,-0.66,-0.14,0.29,1.38,-1.09
Jemerrio Jones,LAL,Roll + Cut Big,15,SF,26,,-0.38,-0.14,-0.24,0,-0.4,-0.15,-0.25,0,0,0
Jerami Grant,DET,Shot Creator,"1,471",PF,28,,0.21,-0.42,0.64,2.5,-0.5,-0.13,-0.38,-1.57,-1.75,0.19
Jeremiah Robinson-Earl,OKC,Stretch Big,"1,014",C,21,,-2.09,-2.03,-0.07,0.2,-1.39,-1.7,0.31,-2.47,-1.58,-0.89
Jeremy Lamb,IND/SAC,Secondary Ball Handler,777,SF-SG,29,,-0.09,0.14,-0.23,1.2,-0.07,0.09,-0.17,-0.92,-0.19,-0.73
Jericho Sims,NYK,Roll + Cut Big,302,PF,23,,-1.52,-2.62,1.1,0.2,-1.61,-2.63,1.02,0.23,-0.11,0.35
Jevon Carter,BRK/MIL,Stationary Shooter,758,PG,26,,-1.66,-1,-0.66,0.3,-1.55,-1.03,-0.52,-1.8,-1.24,-0.56
Jimmy Butler,MIA,Slasher,"1,650",SF,32,,4.03,3.21,0.82,6.8,4.17,3.1,1.07,1.49,1.13,0.35
Jock Landale,SAS,Stretch Big,492,C,26,,-1.56,-0.27,-1.29,0.3,-1.41,-0.26,-1.15,0.34,0.06,0.28
Joe Harris,BRK,Movement Shooter,423,SF,30,,-2.58,-2.59,0.01,-0.1,-1.82,-1.36,-0.46,-1.73,-1.87,0.14
Joe Ingles,UTA,Stationary Shooter,"1,122",SF,34,,-0.81,-0.16,-0.66,1.1,-0.51,0.03,-0.54,0.5,0.87,-0.37
Joe Johnson,BOS,Low Minute,2,SG,40,,-0.88,-0.21,-0.67,0,-0.85,-0.19,-0.65,0,0,0
Joe Wieskamp,SAS,Movement Shooter,132,SG,22,,-1.17,-0.7,-0.47,0.1,-1.41,-0.92,-0.49,0.08,0.15,-0.06
Joel Ayayi,WAS,Athletic Finisher,20,SG,22,,-0.14,-0.18,0.04,0,-0.15,-0.13,-0.01,-0.06,-0.12,0.06
Joel Embiid,PHI,Post Scorer,"1,939",C,28,,6.51,4.45,2.06,10.9,5.63,4.37,1.26,1.03,0.43,0.6
John Collins,ATL,Versatile Big,"1,663",PF,24,,1.12,0.05,1.07,3.8,1.49,0.92,0.58,0.78,0.81,-0.03
John Konchar,MEM,Athletic Finisher,"1,111",SG,25,,0.57,-0.09,0.66,2.1,-0.65,-1.34,0.69,1.83,1.34,0.48
Jon Teske,MEM,Low Minute,8,C,24,,-1.26,-0.52,-0.74,0,-1.23,-0.53,-0.7,0,0,0
Jonas Valanciunas,NOP,Post Scorer,"2,017",C,29,,1.96,0.45,1.51,5.7,1.3,0.63,0.67,-0.45,-1.4,0.94
Jonathan Kuminga,GSW,Stretch Big,973,SF,19,,-1.38,-0.47,-0.91,0.6,-0.23,-0.07,-0.16,0.7,0.14,0.56
Jordan Bell,CHI,Low Minute,2,C,27,,-0.38,-0.1,-0.28,0,-0.4,-0.14,-0.25,0,0,0
Jordan Clarkson,UTA,Secondary Ball Handler,"1,849",SG,29,,1.2,2.05,-0.85,4.3,0.48,1.85,-1.37,2.69,2.15,0.54
Jordan Goodwin,WAS,Secondary Ball Handler,6,SG,23,,-0.2,-0.15,-0.05,0,-0.11,-0.09,-0.01,0,0,0
Jordan McLaughlin,MIN,Secondary Ball Handler,730,PG,25,,-0.5,-0.71,0.21,0.9,-0.3,-0.52,0.23,-1.16,-1.12,-0.04
Jordan Nwora,MIL,Stationary Shooter,"1,058",SF,23,,-2.17,-1.23,-0.94,0.1,-1.54,-1.07,-0.47,-1.91,-1.1,-0.8
Jordan Poole,GSW,Primary Ball Handler,"1,895",SG,22,,1.46,1.43,0.03,4.7,0.9,1.19,-0.29,1.35,-0.34,1.69
Jordan Schakel,WAS,Stretch Big,14,SG,23,,-0.13,-0.05,-0.08,0,-0.16,-0.12,-0.03,0,0,0
Jose Alvarado,NOP,Secondary Ball Handler,645,PG,23,,2.45,1.11,1.34,2,0.52,-0.1,0.62,0.86,0.53,0.33
Josh Christopher,HOU,Secondary Ball Handler,"1,094",SG,20,,-3.59,-1.02,-2.57,-0.9,-2.46,-1.19,-1.27,0.42,0.98,-0.57
Josh Giddey,OKC,Primary Ball Handler,"1,700",SG,19,,-2.07,-2.11,0.04,0.3,-1.35,-1.22,-0.13,-4.06,-3.27,-0.79
Josh Green,DAL,Athletic Finisher,874,SG,21,,-1.6,-1.99,0.39,0.4,-1.43,-1.76,0.34,1.43,0.34,1.09
Josh Hart,NOP/POR,Stationary Shooter,"1,791",SG-SF,27,,-0.02,-0.52,0.5,2.7,0.71,0.12,0.59,-1.4,-0.75,-0.65
Josh Jackson,DET/SAC,Stationary Shooter,726,SF,25,,-2.33,-1.9,-0.43,0,-1.62,-1.61,-0.01,-1.6,-0.36,-1.24
Josh Okogie,MIN,Athletic Finisher,458,SG,23,,-1.22,-2.58,1.37,0.3,-2.44,-2.42,-0.02,1.73,0.26,1.47
Josh Richardson,BOS/SAS,Stationary Shooter,"1,338",SG,28,,-0.92,-0.7,-0.22,1.2,-1.07,-0.91,-0.16,1.09,0.58,0.51
Joshua Primo,SAS,Stationary Shooter,704,SG,19,,-2.77,-1.91,-0.86,-0.2,-2.6,-1.92,-0.68,-0.04,0.21,-0.25
Jrue Holiday,MIL,Shot Creator,"1,923",PG,31,,3.06,2.33,0.73,6.8,1.8,1.68,0.12,2.75,1.57,1.18
JT Thor,CHO,Athletic Finisher,245,PF,19,,-1.95,-1.28,-0.67,0.1,-1.45,-1.53,0.08,0.04,0.47,-0.43
Juan Toscano-Anderson,GSW,Stretch Big,933,SF,28,,-0.6,-1.12,0.52,1.1,-0.26,-1.24,0.98,1.86,1.26,0.6
Juancho Hernangomez,BOS/SAS/UTA,Athletic Finisher,257,PF,26,,-0.97,-0.72,-0.25,0.2,-0.74,-0.43,-0.31,0.04,-0.32,0.36
Julius Randle,NYK,Stretch Big,"2,449",PF,27,,-0.33,-0.18,-0.15,3.2,0.53,0.26,0.27,-0.76,-0.64,-0.12
Justin Anderson,CLE/IND,Stationary Shooter,123,SF,28,,-0.19,0.08,-0.28,0.2,-0.58,-0.32,-0.26,0,0,0
Justin Champagnie,TOR,Stretch Big,274,SF,20,,-1.18,-0.52,-0.66,0.2,-1.79,-1.2,-0.6,0.22,-0.14,0.36
Justin Holiday,IND/SAC,Movement Shooter,"1,861",SF-SG,32,,-1.04,-0.85,-0.19,1.6,-1.21,-0.46,-0.75,0.95,-0.63,1.58
Justin Jackson,BOS/PHO,Stationary Shooter,36,SF,26,,-1.28,-0.66,-0.62,0,-1.33,-0.51,-0.82,0,0,0
Justin Robinson,MIL/SAC/DET,Secondary Ball Handler,304,PG,24,,-2.72,-1.8,-0.92,-0.1,-1.38,-0.86,-0.52,-1.59,-1.18,-0.41
Justise Winslow,LAC/POR,Stretch Big,767,SF,25,,1,0.13,0.87,1.7,0.05,-0.88,0.93,-0.22,0.01,-0.22
Jusuf Nurkic,POR,Post Scorer,"1,579",C,27,,1.87,0.02,1.85,4.4,0.53,0.03,0.5,1.3,0.94,0.36
Juwan Morgan,TOR,Low Minute,27,PF,24,,-1.16,-0.7,-0.45,0,-0.92,-0.6,-0.32,0,0,0
Kai Jones,CHO,Roll + Cut Big,58,C,21,,-1.45,-0.81,-0.65,0,-1.42,-0.83,-0.59,-0.4,-0.23,-0.17
Karl-Anthony Towns,MIN,Versatile Big,"2,214",C,26,,2.85,3.12,-0.27,7.5,2.99,2.62,0.37,-0.24,1.14,-1.37
Keifer Sykes,IND,Secondary Ball Handler,478,PG,28,,-2.79,-1.65,-1.14,-0.1,-2.75,-1.57,-1.18,0,0,0
Keita Bates-Diop,SAS,Roll + Cut Big,821,SF,26,,-1.51,-1.83,0.31,0.4,-1.93,-2,0.07,2.93,1.06,1.87
Kelan Martin,IND/BOS,Stationary Shooter,450,SF,26,,-2.28,-0.78,-1.5,0,-1.71,-0.91,-0.79,-1.51,0.65,-2.16
Keldon Johnson,SAS,Stationary Shooter,"2,088",SF,22,,-0.72,-0.43,-0.29,2.2,-0.68,0.04,-0.72,-0.67,-1.6,0.93
Keljin Blevins,POR,Movement Shooter,166,SF,26,,-2.69,-1.48,-1.21,0,-1.68,-1.13,-0.55,-0.53,-0.25,-0.28
Kelly Olynyk,DET,Stretch Big,649,C,30,,-0.34,-0.02,-0.31,0.9,-0.37,-0.3,-0.08,0.3,0.32,-0.02
Kelly Oubre Jr.,CHO,Stationary Shooter,"1,809",SF,26,,-1.21,0.48,-1.7,1.3,-0.49,0.8,-1.29,-0.78,0.4,-1.18
Kemba Walker,NYK,Primary Ball Handler,948,PG,31,,-0.76,-0.42,-0.34,1,0.18,0.54,-0.36,-1.36,-1.25,-0.11
Kenrich Williams,OKC,Stretch Big,"1,072",SF,27,,-0.09,-1.07,0.99,1.6,-1.49,-1.29,-0.2,1.48,-0.02,1.5
Kent Bazemore,LAL,Stationary Shooter,518,SF,32,,-1.84,-2.72,0.89,0.2,-1.93,-2.07,0.14,-0.46,-1.18,0.72
Kentavious Caldwell-Pope,WAS,Movement Shooter,"2,050",SG,29,,-1.26,-1.04,-0.21,1.5,-0.92,-0.45,-0.46,0.15,0.01,0.16
Kenyon Martin Jr.,HOU,Stretch Big,"1,433",SF,21,,-1.88,0.25,-2.13,0.4,-1.94,-0.84,-1.1,0.92,1.66,-0.74
Keon Johnson,LAC/POR,Secondary Ball Handler,372,SG,20,,-2.58,-0.92,-1.66,-0.1,-1.32,-0.91,-0.4,0.6,0.55,0.05
Kessler Edwards,BRK,Stretch Big,816,SF,21,,-2.05,-2.02,-0.02,0.2,-2.31,-2.24,-0.07,0.07,0.06,0.02
Kevin Durant,BRK,Shot Creator,"1,647",PF,33,,3.78,3.41,0.37,6.6,2.64,3.1,-0.46,1.9,1.61,0.29
Kevin Huerter,ATL,Movement Shooter,"1,847",SG,23,,-0.38,-0.08,-0.29,2.4,-1.08,-0.34,-0.74,1.16,0.5,0.66
Kevin Knox II,NYK/ATL,Athletic Finisher,188,SF,22,,-1.13,-0.44,-0.68,0.1,-0.75,-0.42,-0.33,-0.37,0.15,-0.53
Kevin Love,CLE,Versatile Big,"1,427",PF,33,,1.58,1.66,-0.08,3.7,2.07,2.06,0.01,-0.57,-0.23,-0.34
Kevin Pangos,CLE,Secondary Ball Handler,166,PG,29,,-1.55,-0.78,-0.77,0.1,-1.28,-0.76,-0.52,-1.21,-0.77,-0.45
Kevin Porter Jr.,HOU,Primary Ball Handler,"1,554",PG,21,,-2.24,-1.3,-0.94,0.1,-1.3,-0.24,-1.06,-1.07,-1.22,0.14
Kevon Looney,GSW,Roll + Cut Big,"1,539",C,26,,1.08,-0.53,1.62,3.5,1.66,-0.47,2.14,0.01,0.42,-0.42
Khem Birch,TOR,Roll + Cut Big,858,C,29,,-0.99,-0.41,-0.59,0.8,-1.22,-1.27,0.05,0.79,0.84,-0.06
Khris Middleton,MIL,Shot Creator,"1,911",SF,30,,1.75,1.56,0.19,5.1,1.79,1.92,-0.13,1.74,0.7,1.04
Killian Hayes,DET,Primary Ball Handler,"1,371",PG,20,,-1.96,-2.49,0.53,0.3,-2.45,-2.58,0.13,-2.19,-1.77,-0.42
Killian Tillie,MEM,Stretch Big,461,C,24,,-1.7,-1.72,0.02,0.2,-1.83,-1.96,0.12,0.64,0.67,-0.02
Kira Lewis Jr.,NOP,Secondary Ball Handler,341,PG,20,,-2.65,-1.59,-1.06,-0.1,-1.9,-0.75,-1.15,-1.44,-1.2,-0.24
Klay Thompson,GSW,Off Screen Shooter,694,SG,32,,1.07,1.46,-0.4,1.6,0.99,1.76,-0.77,0,0,0
Kris Dunn,POR,Secondary Ball Handler,123,PG,28,,-0.85,-0.27,-0.57,0.1,-0.57,-0.72,0.15,0,0,0
Kristaps Porzingis,DAL/WAS,Versatile Big,"1,212",PF,26,,3.44,1.65,1.79,4.6,3.26,2.1,1.16,0.91,0.06,0.85
Kyle Anderson,MEM,Athletic Finisher,"1,264",PF,28,,-0.36,-1.29,0.93,1.6,0.41,-0.87,1.28,-1.63,-0.02,-1.6
Kyle Guy,MIA,Movement Shooter,186,SG,24,,-2.04,-1.53,-0.52,0,-1.34,-0.87,-0.47,0,0,0
Kyle Kuzma,WAS,Movement Shooter,"2,204",PF,26,,-0.72,-0.19,-0.53,2.3,0.19,0.17,0.02,-1.14,-0.42,-0.71
Kyle Lowry,MIA,Primary Ball Handler,"1,879",PG,35,,1.68,0.18,1.51,5,1.73,0.71,1.02,0.73,0.14,0.59
Kyrie Irving,BRK,Shot Creator,686,PG,29,,2.68,3.14,-0.46,2.3,2.05,2.7,-0.64,0,0,0
KZ Okpala,MIA,Stretch Big,244,PF,22,,-0.33,-1.02,0.69,0.3,-0.88,-1.03,0.15,0.44,-0.07,0.51
Lamar Stevens,CLE,Athletic Finisher,782,PF,24,,-2.1,-2.36,0.26,0.1,-2.01,-2.1,0.09,0.03,0.06,-0.03
LaMarcus Aldridge,BRK,Post Scorer,"1,027",C,36,,0.19,0.59,-0.4,1.7,-0.05,0.21,-0.27,0.11,0.98,-0.87
LaMelo Ball,CHO,Primary Ball Handler,"2,087",PG,20,,0.83,1.34,-0.51,4.4,1.68,2.05,-0.37,-0.72,-0.1,-0.62
Lance Stephenson,ATL/IND,Secondary Ball Handler,650,SG-SF,31,,-0.34,0.66,-0.99,0.9,-0.63,-0.07,-0.56,0,0,0
Landry Shamet,PHO,Movement Shooter,"1,219",SG,25,,-0.78,-0.85,0.06,1.2,-1.14,-0.2,-0.94,0.96,-0.81,1.77
Langston Galloway,BRK/MIL,Secondary Ball Handler,107,SG,30,,-0.44,-0.44,-0.01,0.1,-0.82,-0.49,-0.32,0,0,0
Larry Nance Jr.,POR,Stretch Big,858,PF,29,,-0.81,-1.02,0.22,0.9,-0.77,-1.08,0.31,0.41,0.42,0.01
Lauri Markkanen,CLE,Stretch Big,"1,584",PF,24,,1.76,1.27,0.49,4.3,0.89,0.22,0.67,1.39,2,-0.61
Leandro Bolmaro,MIN,Secondary Ball Handler,210,SF,21,,-2.47,-1.92,-0.55,0,-2.7,-1.82,-0.87,0.93,0.68,0.24
LeBron James,LAL,Stretch Big,"2,003",SF,37,,3.75,3.5,0.25,8,3.1,3.36,-0.26,0.19,0.73,-0.53
Lindell Wigginton,MIL,Movement Shooter,121,PG,23,,-1.58,-0.93,-0.66,0.1,-1.13,-0.87,-0.26,0,0,0
Lindy Waters III,OKC,Movement Shooter,287,SG,24,,-0.19,-0.63,0.45,0.4,-0.51,-0.84,0.33,0,0,0
Lonnie Walker IV,SAS,Secondary Ball Handler,"1,505",SG,23,,-2.62,-0.38,-2.25,-0.3,-1.63,-0.19,-1.44,-0.26,-0.07,-0.19
Lonzo Ball,CHI,Primary Ball Handler,"1,212",PG,24,,0.67,-1.22,1.89,2.4,1.06,0.2,0.86,0.24,-0.99,1.23
Lou Williams,ATL,Secondary Ball Handler,737,PG,35,,-1.43,-0.15,-1.27,0.4,-1.18,-0.21,-0.97,-0.16,-0.27,0.12
Louis King,SAC,Secondary Ball Handler,104,SF,22,,-0.81,-0.37,-0.44,0.1,-0.51,-0.34,-0.17,-0.34,-0.06,-0.28
Luguentz Dort,OKC,Stationary Shooter,"1,665",SF,22,,-1.41,-1.23,-0.17,1,-1.54,-0.86,-0.67,-0.38,-0.77,0.39
Luka Doncic,DAL,Shot Creator,"1,996",PG,23,,2.38,2.93,-0.56,6.2,4.12,3.74,0.39,-0.25,0.89,-1.15
Luka Garza,DET,Stretch Big,358,C,23,,-0.83,-0.17,-0.66,0.4,-1.54,-0.38,-1.17,-0.45,-0.58,0.13
Luke Kennard,LAC,Movement Shooter,"1,706",SG,25,,-0.35,-0.25,-0.1,2.2,-1.23,-0.46,-0.77,1.47,0.17,1.3
Luke Kornet,CLE/MIL/BOS,Versatile Big,37,C,26,,-0.74,-0.4,-0.35,0,-0.79,-0.33,-0.46,0,0,0
Mac McClung,CHI,Slasher,3,PG,23,,-0.4,-0.13,-0.27,0,-0.4,-0.15,-0.26,0,0,0
Malachi Flynn,TOR,Secondary Ball Handler,479,PG,23,,-1.21,-0.13,-1.08,0.4,-0.95,-0.56,-0.4,-1.32,-0.42,-0.9
Malcolm Brogdon,IND,Primary Ball Handler,"1,206",PG,29,,2.24,2.68,-0.45,3.6,1.22,1.96,-0.73,2,1.59,0.41
Malcolm Hill,ATL/CHI,Athletic Finisher,197,SF-SG,26,,-1.14,-0.84,-0.3,0.2,-1.04,-0.73,-0.32,0,0,0
Malik Beasley,MIN,Movement Shooter,"1,814",SG,25,,-0.54,0.43,-0.97,2.1,-0.76,0.78,-1.53,-1.78,-1.53,-0.25
Malik Fitts,UTA/BOS,Low Minute,45,PF,24,,-1.33,-0.54,-0.79,0,-0.77,-0.22,-0.56,-0.41,-0.25,-0.16
Malik Monk,LAL,Movement Shooter,"1,821",SG,24,,-0.69,0.65,-1.34,2,-1.29,-0.26,-1.03,-0.06,0.48,-0.54
Malik Newman,CLE,Slasher,8,PG,25,,-0.54,-0.3,-0.25,0,-0.61,-0.33,-0.28,0,0,0
Mamadi Diakite,OKC,Roll + Cut Big,188,PF,25,,-1.47,-2.25,0.77,0.1,-0.79,-1.72,0.93,0,0,0
Marcus Garrett,MIA,Roll + Cut Big,128,SG,23,,-0.83,-0.92,0.09,0.1,-1.1,-1.21,0.11,0.09,0.03,0.06
Marcus Morris Sr.,LAC,Shot Creator,"1,377",PF,32,,-1.58,-0.35,-1.22,0.7,-0.25,0.05,-0.3,-0.55,-0.07,-0.49
Marcus Smart,BOS,Primary Ball Handler,"2,026",PG,28,,2.01,0.89,1.12,5.8,1.71,0.37,1.34,2.67,2.08,0.59
Markelle Fultz,ORL,Shot Creator,162,PG,23,,-0.11,-0.43,0.32,0.2,0.05,-0.19,0.24,0,0,0
Markieff Morris,MIA,Versatile Big,252,PF,32,,-2.26,-0.98,-1.28,0,-1.9,-0.87,-1.03,-0.62,-0.05,-0.57
Marko Simonovic,CHI,Stretch Big,35,C,22,,-0.44,-0.25,-0.19,0,-0.51,-0.24,-0.28,0.24,-0.02,0.26
Markus Howard,DEN,Movement Shooter,149,SG,23,,-0.73,0.31,-1.04,0.2,-0.59,0.17,-0.77,-0.8,0.14,-0.94
Marquese Chriss,DAL,Roll + Cut Big,281,PF,24,,-1.32,-1.84,0.52,0.2,-0.2,-0.98,0.79,0,0,0
Marvin Bagley III,SAC/DET,Roll + Cut Big,"1,001",PF,23,,-1,-0.13,-0.86,0.9,-0.78,-0.38,-0.4,1.42,1.45,-0.03
Mason Jones,LAL,Stretch Big,9,SG,23,,-0.3,-0.09,-0.2,0,-0.33,-0.07,-0.26,0,0,0
Mason Plumlee,CHO,Roll + Cut Big,"1,577",C,32,,0.32,-1.51,1.83,2.8,0.32,-1.02,1.34,-0.77,-0.73,-0.04
Matisse Thybulle,PHI,Stretch Big,"1,444",SG,25,,-0.31,-2.04,1.73,1.9,-0.41,-2.26,1.85,0.12,0.29,-0.17
Matt Mooney,NYK,Low Minute,2,SG,27,,-0.36,-0.21,-0.15,0,-0.38,-0.2,-0.18,0,0,0
Matt Thomas,CHI,Movement Shooter,459,SG,27,,-1.63,-0.52,-1.11,0.2,-1.79,-0.91,-0.88,-0.64,-0.43,-0.21
Maurice Harkless,SAC,Stationary Shooter,863,SF,28,,-1.33,-2.12,0.79,0.6,-2.39,-2.83,0.44,0.15,0.07,0.07
Max Strus,MIA,Movement Shooter,"1,364",SF,25,,-0.62,0.17,-0.79,1.5,-0.15,0.38,-0.54,1.19,0.35,0.84
Maxi Kleber,DAL,Stretch Big,"1,317",PF,30,,0.32,-1.2,1.52,2.3,0.13,-1.28,1.4,0.22,0.47,-0.25
McKinley Wright IV,MIN,Movement Shooter,9,PG,23,,-0.99,-0.39,-0.61,0,-0.9,-0.3,-0.6,-0.15,-0.05,-0.1
Micah Potter,DET,Roll + Cut Big,31,C,23,,-0.91,-0.84,-0.08,0,-0.5,-0.49,-0.01,0,0,0
Michael Porter Jr.,DEN,Movement Shooter,265,SF,23,,0.53,-0.63,1.16,0.5,-0.25,-0.39,0.14,1.67,0.16,1.5
Mikal Bridges,PHO,Stationary Shooter,"2,544",SF,25,,1.35,0.58,0.77,6.2,1.46,0.21,1.25,1.52,0.79,0.73
Mike Conley,UTA,Primary Ball Handler,"1,779",PG,34,,2.58,1.59,0.99,5.8,2.79,2.46,0.34,0.25,0.26,0.01
Mike Muscala,OKC,Stretch Big,592,C,30,,1.48,0.62,0.86,1.5,1.33,0.57,0.76,0.35,0.05,0.29
Miles Bridges,CHO,Stationary Shooter,"2,515",PF,24,,2.07,2,0.07,7.3,0.95,1.13,-0.18,0.76,1.81,-1.05
Miles McBride,NYK,Shot Creator,267,PG,21,,-0.11,-0.24,0.12,0.4,-0.97,-0.83,-0.14,0.09,0.16,-0.07
Mitchell Robinson,NYK,Roll + Cut Big,"1,640",C,23,,1.17,-0.45,1.62,3.8,1.1,-0.82,1.93,-0.03,0.77,-0.8
Miye Oni,UTA,Low Minute,44,SG,24,,-1.01,-0.27,-0.75,0,-0.72,-0.16,-0.57,-0.67,-0.27,-0.4
MJ Walker,PHO,Movement Shooter,8,SG,23,,-1.26,-0.43,-0.82,0,-1.25,-0.45,-0.8,0,0,0
Mo Bamba,ORL,Stretch Big,"1,577",C,23,,-0.61,-2.66,2.06,1.8,0.28,-1.47,1.75,-1.7,-1.71,0.01
Monte Morris,DEN,Primary Ball Handler,"1,964",PG,26,,0.5,1.28,-0.79,3.7,0.55,0.78,-0.23,1.4,1.33,0.07
Montrezl Harrell,WAS/CHO,Post Scorer,"1,486",C,28,,0.99,1.53,-0.54,3.3,0.77,1.19,-0.42,0.06,0.4,-0.34
Moritz Wagner,ORL,Stretch Big,727,C,24,,0.38,1.44,-1.06,1.3,0.51,0.77,-0.26,-0.21,0.86,-1.06
Moses Brown,DAL/CLE,Roll + Cut Big,198,C,22,,-0.03,-0.72,0.69,0.3,-0.75,-1.08,0.32,1.19,0.34,0.85
Moses Moody,GSW,Stationary Shooter,533,SG,19,,-2.01,-0.99,-1.02,0.1,-1.58,-0.75,-0.83,0.17,-0.54,0.71
Moses Wright,LAC,Low Minute,1,PF,23,,-0.33,-0.15,-0.18,0,-0.32,-0.12,-0.2,0,0,0
Mychal Mulder,ORL,Movement Shooter,195,PG,27,,-1.69,-1.48,-0.21,0.1,-1.59,-1.41,-0.18,-0.59,-0.27,-0.32
Myles Powell,PHI,Secondary Ball Handler,52,PG,24,,-1.47,-0.7,-0.77,0,-1.26,-0.65,-0.61,0,0,0
Myles Turner,IND,Stretch Big,"1,235",C,25,,3.36,0.03,3.33,4.6,2.13,-0.26,2.39,2.34,0.56,1.78
Naji Marshall,NOP,Stationary Shooter,576,SF,24,,-0.49,-0.38,-0.11,0.7,-0.54,-0.39,-0.15,-0.66,-0.99,0.33
Nassir Little,POR,Stationary Shooter,"1,088",SF,22,,-0.88,-1,0.11,1,-1,-0.95,-0.05,-0.23,0.69,-0.92
Nate Hinton,IND,Low Minute,2,SG,22,,-0.14,0.02,-0.16,0,-0.25,-0.03,-0.22,0,0,0
Nathan Knight,MIN,Roll + Cut Big,240,PF,24,,0.15,-0.14,0.29,0.4,-0.37,-0.25,-0.11,0.58,0.21,0.37
Naz Reid,MIN,Stretch Big,"1,081",C,22,,0.29,-0.68,0.97,1.9,0.26,-0.23,0.49,-1.22,-1.42,0.21
Neemias Queta,SAC,Roll + Cut Big,56,C,22,,-0.34,-0.47,0.13,0.1,-0.48,-0.43,-0.05,0,0,0
Nemanja Bjelica,GSW,Stretch Big,973,C,33,,0.66,-0.26,0.91,1.9,0.46,-0.41,0.87,0.53,0.01,0.53
Nerlens Noel,NYK,Roll + Cut Big,562,C,27,,-0.72,-3.21,2.49,0.6,-0.43,-2.81,2.38,-0.45,-0.5,0.05
Nic Claxton,BRK,Roll + Cut Big,765,C,22,,-0.06,-0.71,0.65,1.1,0.13,-0.67,0.8,-1.17,-0.57,-0.6
Nick Richards,CHO,Roll + Cut Big,355,C,24,,-1.54,-2.33,0.79,0.2,-1.55,-2.05,0.49,0.35,-0.44,0.8
Nickeil Alexander-Walker,NOP/UTA,Secondary Ball Handler,"1,430",SG,23,,-1.42,-0.78,-0.64,0.9,-1.38,-0.42,-0.97,-0.26,0.46,-0.73
Nicolas Batum,LAC,Stationary Shooter,"1,289",PF,33,,-0.4,-1.62,1.23,1.6,0.56,-0.78,1.34,-0.34,-0.55,0.21
Nik Stauskas,MIA/BOS,Secondary Ball Handler,35,SG,28,,-0.45,-0.22,-0.23,0,-0.61,-0.28,-0.33,0,0,0
Nikola Jokic,DEN,Post Scorer,"2,151",C,27,,7.58,5.52,2.05,13.3,6.37,4.94,1.43,3.74,2.35,1.39
Nikola Vucevic,CHI,Versatile Big,"2,109",C,31,,2.16,0.1,2.06,6.2,2.09,1,1.08,0.59,-0.81,1.4
Norman Powell,POR/LAC,Stationary Shooter,"1,413",SF-SG,28,,-1.63,0.55,-2.18,0.7,-0.83,0.16,-0.99,0.47,1.25,-0.78
Norvel Pelle,UTA,Roll + Cut Big,19,C,29,,-1.07,-0.32,-0.75,0,-0.63,-0.05,-0.58,0,0,0
Obi Toppin,NYK,Stretch Big,903,PF,24,,0.97,0.48,0.49,2,-0.39,-0.27,-0.13,0.91,0.67,0.23
OG Anunoby,TOR,Shot Creator,"1,541",SF,24,,0.02,-0.33,0.34,2.4,-0.02,-0.01,-0.01,-0.44,0.2,-0.64
Olivier Sarr,OKC,Stretch Big,231,C,23,,-1.24,-1.8,0.57,0.2,-1.44,-1.77,0.33,0,0,0
Omer Yurtseven,MIA,Roll + Cut Big,630,C,23,,1.03,-0.42,1.45,1.4,0.83,-0.45,1.29,-0.47,-0.47,0.01
Onyeka Okongwu,ATL,Roll + Cut Big,766,C,21,,1.3,0.14,1.16,1.8,0.49,-0.66,1.16,0,0,0
Oshae Brissett,IND,Athletic Finisher,"1,296",SF,23,,-0.93,-0.24,-0.69,1.2,-1.08,-0.5,-0.58,-0.9,-0.59,-0.31
Otto Porter Jr.,GSW,Athletic Finisher,"1,216",PF,28,,2.08,0.13,1.94,3.5,1.58,0.21,1.37,1.57,0.36,1.21
P.J. Dozier,DEN,Movement Shooter,340,SG,25,,-1.36,-1.41,0.05,0.2,-1.11,-1.07,-0.04,-0.28,-0.46,0.18
P.J. Tucker,MIA,Stretch Big,"1,795",PF,36,,0.11,-0.84,0.95,2.9,0.02,-1.13,1.15,1.21,0.81,0.4
P.J. Washington,CHO,Stretch Big,"1,468",PF,23,,-0.21,-0.26,0.05,2.1,-0.8,-0.74,-0.06,-1.72,-0.22,-1.5
Paris Bass,PHO,Stretch Big,7,SF,26,,-1.21,-0.43,-0.78,0,-1.25,-0.43,-0.81,0,0,0
Pascal Siakam,TOR,Shot Creator,"2,224",PF,27,,1.46,1.2,0.26,5.6,1.09,0.81,0.27,0.63,0.72,-0.09
Pat Connaughton,MIL,Stationary Shooter,"1,478",SG,29,,-0.65,-1.06,0.41,1.6,-0.12,-0.11,0,0.88,-0.11,0.99
Patrick Beverley,MIN,Primary Ball Handler,"1,303",PG,33,,1.73,0.97,0.75,3.5,1.69,0.6,1.09,0.82,1.58,-0.76
Patrick Williams,CHI,Stationary Shooter,144,PF,20,,-1.74,-1.72,-0.02,0.1,-1.39,-1.33,-0.05,-0.45,-0.63,0.17
Patty Mills,BRK,Movement Shooter,"2,122",PG,33,,-0.76,1,-1.76,2.2,-1.19,0.25,-1.44,0.49,1.41,-0.93
Paul George,LAC,Shot Creator,924,SF,31,,1.72,0.46,1.26,2.5,1.42,1.21,0.21,0.13,-1.03,1.16
Paul Millsap,BRK/PHI,Stretch Big,366,PF,37,,-0.94,-0.86,-0.08,0.3,-0.53,-0.67,0.14,-0.42,-0.56,0.15
Paul Reed,PHI,Roll + Cut Big,246,C,22,,-0.58,-0.91,0.33,0.3,-0.54,-1.11,0.57,0.33,0.81,-0.48
Paul Watson,OKC,Stationary Shooter,156,SF,27,,-1.43,-1.25,-0.18,0.1,-0.94,-1.28,0.34,-0.97,-0.1,-0.87
Payton Pritchard,BOS,Secondary Ball Handler,829,SG,24,,-1.78,-0.46,-1.32,0.3,-0.87,0.33,-1.2,-1.6,-1.22,-0.38
Petr Cornelie,DEN,Stretch Big,38,PF,26,,-0.45,-0.14,-0.31,0,-0.47,-0.19,-0.28,0.03,0.22,-0.19
Precious Achiuwa,TOR,Roll + Cut Big,"1,490",C,22,,-1.04,-1.62,0.57,1.3,-1.51,-1.58,0.07,0.69,0.01,0.69
Quentin Grimes,NYK,Stationary Shooter,728,SG,21,,-1.21,-1.15,-0.06,0.5,-1.26,-0.9,-0.36,0.24,0.32,-0.09
Quinndary Weatherspoon,GSW,Roll + Cut Big,68,SG,25,,-0.53,-0.29,-0.24,0.1,-0.91,-0.5,-0.41,0,0,0
R.J. Hampton,ORL,Secondary Ball Handler,"1,117",SG,21,,-3.77,-3.19,-0.59,-1,-2.44,-2.19,-0.26,-2.33,-2.79,0.46
Rajon Rondo,LAL/CLE,Secondary Ball Handler,635,PG,36,,-1.67,-1.55,-0.12,0.3,-0.88,-0.81,-0.07,-0.11,-0.72,0.6
Raul Neto,WAS,Slasher,"1,292",PG,29,,-1.46,-0.54,-0.92,0.8,-1.24,-0.72,-0.52,0.6,0.35,0.25
Rayjon Tucker,DEN,Low Minute,29,SG,24,,-0.6,-0.26,-0.34,0,-0.47,-0.26,-0.22,0,0,0
Reggie Bullock,DAL,Movement Shooter,"1,566",SF,31,,-0.33,-0.56,0.23,2.1,-1.14,-1,-0.14,-0.15,-0.33,0.18
Reggie Jackson,LAC,Primary Ball Handler,"2,115",SG,31,,-0.07,-0.04,-0.03,3.2,-0.78,0.09,-0.88,1.35,0.62,0.73
Reggie Perry,POR/IND,Roll + Cut Big,51,PF,22,,-0.91,-0.57,-0.34,0,-0.56,-0.46,-0.1,0,0,0
Richaun Holmes,SAC,Roll + Cut Big,"1,074",C,28,,-0.73,-1.42,0.69,1.1,-0.69,-1.23,0.53,0.18,-0.12,0.3
Ricky Rubio,CLE,Primary Ball Handler,970,PG,31,,0.61,-0.05,0.66,1.9,0.42,0.39,0.03,0.22,0.17,0.05
RJ Barrett,NYK,Secondary Ball Handler,"2,059",SF,21,,-0.86,0.09,-0.95,2,-0.61,-0.03,-0.59,-1.53,-0.47,-1.06
RJ Nembhard Jr.,CLE,Slasher,56,SG,23,,-0.66,-0.38,-0.28,0.1,-0.77,-0.46,-0.32,0.07,-0.07,0.13
Rob Edwards,OKC,Movement Shooter,11,SG,25,,-0.23,-0.29,0.07,0,-0.11,-0.24,0.13,0,0,0
Robert Covington,POR/LAC,Stationary Shooter,"1,731",PF-SF,31,,0.62,-2.23,2.85,3.4,-0.5,-1.92,1.42,1.34,0.32,1.02
Robert Williams III,BOS,Roll + Cut Big,"1,756",C,24,,1.93,-0.22,2.16,4.9,2.92,0.03,2.88,-1.82,-1.09,-0.73
Robert Woodard II,SAC,Stretch Big,42,SF,22,,-0.4,-0.39,-0.01,0.1,-0.44,-0.35,-0.1,0.13,0.1,0.04
Robin Lopez,ORL,Post Scorer,503,C,33,,-1.76,-1.18,-0.58,0.2,-2.16,-1.3,-0.86,0.19,0.13,0.07
Rodney Hood,MIL/LAC,Stationary Shooter,653,SF-SG,29,,-2.45,-2.02,-0.43,0,-2.05,-1.56,-0.49,-1.79,-0.49,-1.3
Rodney McGruder,DET,Stationary Shooter,610,SG,30,,-1.08,-0.8,-0.28,0.5,-2.2,-1.34,-0.86,0.71,0.05,0.67
Romeo Langford,BOS/SAS,Athletic Finisher,744,SG,22,,-0.82,-1.4,0.58,0.7,-1.96,-1.88,-0.07,0.01,0.62,-0.62
Royce O'Neale,UTA,Stationary Shooter,"2,138",SF,28,,1.16,-0.21,1.37,4.9,1.18,-0.23,1.42,2.02,1.88,0.14
Rudy Gay,UTA,Stretch Big,913,PF,35,,-0.76,-0.36,-0.4,0.9,-0.07,0.24,-0.31,-0.31,-0.13,-0.19
Rudy Gobert,UTA,Roll + Cut Big,"1,817",C,29,,4.88,1.33,3.55,8.5,5.08,1.76,3.32,0.92,0.85,0.07
Rui Hachimura,WAS,Stretch Big,627,PF,24,,-2.48,-0.88,-1.6,-0.1,-1,-0.54,-0.46,0,0,0
Russell Westbrook,LAL,Shot Creator,"2,448",PG,33,,-0.66,0.32,-0.98,2.7,-0.76,-0.1,-0.66,0.95,0.79,0.15
Ryan Arcidiacono,NYK,Low Minute,16,PG,27,,-0.63,-0.39,-0.24,0,-0.48,-0.31,-0.17,0,0,0
Saben Lee,DET,Secondary Ball Handler,519,PG,22,,0.12,0.09,0.03,0.8,-0.16,-0.75,0.59,1.56,0.77,0.78
Saddiq Bey,DET,Movement Shooter,"2,437",SF,22,,-0.87,0.57,-1.44,2.4,-1.8,-0.23,-1.57,-0.12,-0.11,0.01
Sam Dekker,TOR,Low Minute,1,PF,27,,-0.76,-0.42,-0.34,0,-0.73,-0.4,-0.33,-0.1,-0.06,-0.04
Sam Hauser,BOS,Low Minute,88,SF,24,,-1.35,-0.89,-0.46,0.1,-1.22,-0.53,-0.69,-0.12,-0.19,0.06
Sam Merrill,MEM,Movement Shooter,58,SG,25,,-1.21,-0.48,-0.73,0,-1.36,-0.51,-0.84,0.3,0.06,0.23
Sandro Mamukelashvili,MIL,Stretch Big,327,PF,22,,-2.35,-1.34,-1.01,0,-1.38,-0.83,-0.55,-1.06,-0.46,-0.61
Santi Aldama,MEM,Stretch Big,277,PF,21,,-1,-0.24,-0.76,0.2,-1.75,-0.91,-0.84,1.68,1.2,0.48
Scottie Barnes,TOR,Roll + Cut Big,"2,293",PF,20,,-0.08,-0.8,0.71,3.4,0.08,-0.29,0.38,0.09,-0.28,0.37
Scottie Lewis,CHO,Low Minute,7,SG,22,,-1.01,-0.42,-0.6,0,-1.03,-0.46,-0.57,0,0,0
Scotty Hopson,OKC,Movement Shooter,18,SG,32,,-0.24,-0.37,0.13,0,-0.2,-0.33,0.13,0,0,0
Sekou Doumbouya,LAL,Stretch Big,16,PF,21,,-0.14,-0.12,-0.02,0,-0.32,-0.11,-0.21,0.52,0.01,0.51
Semi Ojeleye,MIL/LAC,Stretch Big,393,PF,27,,-3.15,-1.91,-1.24,-0.2,-1.8,-1.37,-0.44,-2.09,-0.98,-1.12
Serge Ibaka,LAC/MIL,Stretch Big,800,C-PF,32,,-1.82,-2.06,0.24,0.3,-0.68,-1.17,0.49,-1.45,-0.51,-0.94
Seth Curry,PHI/BRK,Secondary Ball Handler,"1,960",SG,31,,-0.83,-0.05,-0.79,1.9,-0.96,-0.35,-0.61,0.44,0.69,-0.26
Shai Gilgeous-Alexander,OKC,Shot Creator,"1,942",PG,23,,2.48,2.71,-0.23,6.2,0.72,1,-0.28,2.28,1.62,0.66
Shake Milton,PHI,Secondary Ball Handler,951,PG,25,,-0.66,-0.82,0.16,1.1,-1.91,-1.14,-0.77,1.04,0.14,0.9
Shaq Buchanan,MEM,Low Minute,10,PG,25,,-1.11,-0.4,-0.71,0,-1.23,-0.52,-0.71,0,0,0
Shaquille Harrison,BRK,Movement Shooter,23,SG,28,,-0.68,-0.42,-0.26,0,-0.64,-0.32,-0.31,0,0,0
Sharife Cooper,ATL,Movement Shooter,35,PG,20,,-0.96,-0.69,-0.27,0,-0.5,-0.36,-0.15,-0.16,-0.23,0.07
Skylar Mays,ATL,Stationary Shooter,211,SG,24,,-1.8,-0.88,-0.92,0.1,-1.21,-0.78,-0.43,0.01,-0.11,0.11
Solomon Hill,ATL,Athletic Finisher,139,PF,31,,-1.12,-1.54,0.42,0.1,-1.05,-1.15,0.11,-0.14,-0.76,0.62
Spencer Dinwiddie,WAS/DAL,Shot Creator,"1,766",PG,28,,0.88,0.72,0.16,3.8,0.6,1.15,-0.54,0.23,-0.94,1.17
Stanley Johnson,LAL,Stretch Big,817,PF,25,,-1.2,-1.01,-0.2,0.6,-1.17,-1.57,0.4,0,0,0
Stephen Curry,GSW,Primary Ball Handler,"2,211",PG,34,,4.23,4.03,0.19,9.4,4.1,3.81,0.29,2.21,1.65,0.56
Sterling Brown,DAL,Stationary Shooter,598,SG,27,,-1.39,-1.82,0.43,0.4,-1.59,-1.83,0.25,-0.65,-0.58,-0.07
Steven Adams,MEM,Roll + Cut Big,"1,799",C,28,,2.02,0.79,1.23,5.2,0.98,0.13,0.85,2.04,0.77,1.27
Svi Mykhailiuk,TOR,Movement Shooter,696,SF,24,,-1.7,-1.23,-0.47,0.3,-2.04,-1.28,-0.76,-0.77,-0.38,-0.39
T.J. McConnell,IND,Slasher,581,PG,29,,-0.72,-0.46,-0.25,0.6,-0.35,-0.28,-0.06,-1.43,0.01,-1.42
Tacko Fall,CLE,Post Scorer,59,C,26,,-0.4,-0.59,0.19,0.1,-0.67,-0.69,0.02,-0.04,-0.17,0.13
Taj Gibson,NYK,Roll + Cut Big,787,C,36,,-1.39,-2.44,1.06,0.5,-1.56,-2.71,1.16,-1.16,-1.45,0.29
Talen Horton-Tucker,LAL,Secondary Ball Handler,"1,327",SG,21,,-1.88,-1.64,-0.24,0.4,-1.99,-1.62,-0.37,0.53,-0.34,0.87
Taurean Prince,MIN,Stationary Shooter,"1,011",PF,28,,-0.74,-0.58,-0.15,1.1,-0.9,-0.84,-0.07,-2.04,-1.07,-0.97
Terance Mann,LAC,Athletic Finisher,"2,090",SF,25,,-0.38,-0.61,0.23,2.7,-1.33,-1.29,-0.04,0.84,-0.07,0.91
Terence Davis,SAC,Movement Shooter,536,SG,24,,1.36,1.12,0.24,1.3,0.02,0.32,-0.3,1.76,0.91,0.85
Terrence Ross,ORL,Secondary Ball Handler,"1,394",SG,31,,-4.88,-1.92,-2.96,-2.2,-2.82,-1.54,-1.29,-4.03,-0.67,-3.35
Terry Rozier,CHO,Primary Ball Handler,"2,139",SG,28,,2.14,2.09,0.05,6.3,1.07,1.99,-0.91,0.27,0.15,0.12
Terry Taylor,IND,Roll + Cut Big,426,SG,22,,0.18,0.96,-0.79,0.7,-0.71,0.39,-1.1,0,0,0
Thaddeus Young,SAS/TOR,Roll + Cut Big,650,PF,33,,-1.36,-1.82,0.46,0.4,-0.63,-0.72,0.09,0.25,-0.17,0.42
Thanasis Antetokounmpo,MIL,Roll + Cut Big,389,SF,29,,-2.65,-2.25,-0.4,-0.1,-1.77,-1.95,0.18,-1.87,-1.19,-0.68
Theo Maledon,OKC,Stationary Shooter,706,PG,20,,-2.29,-1.8,-0.49,0,-1.58,-1.34,-0.24,-0.48,-0.67,0.19
Theo Pinson,DAL,Stationary Shooter,120,SF,26,,-1.17,-0.64,-0.53,0.1,-0.7,-0.58,-0.13,0,0,0
Thomas Bryant,WAS,Stretch Big,385,C,24,,0.19,-0.31,0.5,0.6,0.32,-0.18,0.5,0,0,0
Tim Frazier,ORL/CLE,Secondary Ball Handler,208,PG,31,,-1.48,-1.35,-0.14,0.1,-1.15,-1.09,-0.06,0,0,0
Tim Hardaway Jr.,DAL,Stationary Shooter,"1,245",SG,30,,-0.15,0.19,-0.34,1.8,0.21,0.69,-0.48,-0.91,0.23,-1.14
Timothe Luwawu-Cabarrot,ATL,Stationary Shooter,495,SF,26,,-1.99,-1.9,-0.09,0.1,-1.81,-1.29,-0.52,-0.72,-0.82,0.1
Tobias Harris,PHI,Shot Creator,"2,173",PF,29,,0.42,0.92,-0.51,4,0.21,0.22,-0.01,0.25,0.34,-0.08
Tomas Satoransky,NOP/SAS/WAS,Secondary Ball Handler,660,SG,30,,-2.66,-2.14,-0.51,-0.1,-1.52,-1.33,-0.19,-1.03,-1.4,0.37
Tony Bradley,CHI,Roll + Cut Big,522,C,24,,0.04,-1.58,1.62,0.8,-0.81,-2.11,1.3,1.86,0.43,1.44
Tony Snell,POR/NOP,Stationary Shooter,776,SG,30,,-2.53,-2.38,-0.16,-0.1,-2.73,-2.48,-0.25,-0.91,-1.15,0.24
Torrey Craig,IND/PHO,Athletic Finisher,"1,404",SF,31,,-2.26,-1.44,-0.82,0.1,-1.73,-1.45,-0.28,-0.56,-0.19,-0.37
Trae Young,ATL,Shot Creator,"2,265",PG,23,,2.51,4.78,-2.27,7.2,2.7,4.67,-1.97,-0.18,1.28,-1.45
Trayvon Palmer,DET,Low Minute,17,SG,27,,-0.57,-0.63,0.06,0,-0.46,-0.46,0,0,0,0
Tre Jones,SAS,Primary Ball Handler,897,PG,22,,-0.9,-0.1,-0.8,0.8,-1.09,-0.55,-0.55,1.95,0.59,1.36
Tre Mann,OKC,Secondary Ball Handler,"1,306",PG,21,,-4.05,-2.04,-2.01,-1.4,-2.61,-1.84,-0.77,-1.27,-0.68,-0.59
Tremont Waters,TOR/WAS,Movement Shooter,50,PG,24,,-0.68,-0.44,-0.25,0.1,-0.74,-0.47,-0.26,0,0,0
Trendon Watford,POR,Roll + Cut Big,784,SF,21,,-2.68,-1.75,-0.94,-0.2,-0.92,-1.2,0.28,-0.64,-0.29,-0.34
Trent Forrest,UTA,Slasher,697,PG,23,,-1.41,-1.01,-0.4,0.4,-1.32,-1.23,-0.09,0.24,-0.1,0.34
Trevelin Queen,HOU,Movement Shooter,74,SG,25,,0.09,0.14,-0.05,0.1,0,0.05,-0.04,0,0,0
Trevon Scott,CLE,Post Scorer,11,SF,25,,-0.54,-0.33,-0.21,0,-0.64,-0.37,-0.27,0,0,0
Trevor Ariza,LAL,Stationary Shooter,415,SF,36,,-1.47,-1.44,-0.03,0.2,-1.36,-1.64,0.28,0,0,0
Trey Burke,DAL,Secondary Ball Handler,414,PG,29,,-2.19,-0.88,-1.31,0,-2.14,-0.51,-1.63,0.32,-0.84,1.16
Trey Lyles,DET/SAC,Stretch Big,"1,306",PF,26,,-0.49,-0.19,-0.3,1.6,-0.43,-0.19,-0.24,-0.21,0.18,-0.38
Trey Murphy III,NOP,Stationary Shooter,680,SF,21,,-1.35,-0.97,-0.38,0.4,-1.02,-0.56,-0.46,-0.38,-1.15,0.77
Tristan Thompson,SAC/IND/CHI,Roll + Cut Big,729,PF,31,,-0.69,-0.36,-0.33,0.8,-1.05,-0.91,-0.14,-0.79,0.76,-1.55
Troy Brown Jr.,CHI,Athletic Finisher,965,SF,22,,-1.51,-1.48,-0.04,0.5,-1.65,-1.54,-0.11,-0.59,-1.12,0.53
Ty Jerome,OKC,Secondary Ball Handler,801,SG,24,,-1.51,-0.99,-0.52,0.4,-1.28,-0.41,-0.86,-0.27,-0.63,0.36
Tyler Cook,CHI,Roll + Cut Big,196,PF,24,,-2.09,-1.7,-0.39,0,-1.34,-1.49,0.15,-0.61,-0.05,-0.56
Tyler Hall,NYK,Low Minute,2,SG,24,,-0.36,-0.21,-0.15,0,-0.38,-0.2,-0.17,0,0,0
Tyler Herro,MIA,Primary Ball Handler,"1,926",SG,22,,-0.42,0.96,-1.38,2.4,0.14,1.03,-0.88,-1.52,-0.06,-1.46
Tyler Johnson,PHI/SAS,Stationary Shooter,91,PG,29,,-1.02,-0.58,-0.44,0.1,-1.02,-0.63,-0.39,0,0,0
Tyrell Terry,MEM,Low Minute,3,PG,21,,-1.18,-0.44,-0.74,0,-1.21,-0.51,-0.71,0,0,0
Tyrese Haliburton,SAC/IND,Stationary Shooter,"2,342",SG-PG,22,,0.43,0.85,-0.42,4.3,0.83,0.96,-0.13,0.28,0.71,-0.43
Tyrese Maxey,PHI,Primary Ball Handler,"2,279",PG,21,,-0.2,0.8,-1,3.2,0.16,0.53,-0.37,-1.24,0.45,-1.69
Tyrone Wallace,NOP,Athletic Finisher,72,SG,27,,-0.98,-0.83,-0.15,0.1,-0.81,-0.82,0.01,0,0,0
Tyus Jones,MEM,Primary Ball Handler,"1,323",PG,25,,0.71,0.67,0.04,2.7,0.59,0.92,-0.32,-0.4,-0.69,0.29
Udoka Azubuike,UTA,Roll + Cut Big,195,C,22,,-1.12,-1.46,0.34,0.2,-1.13,-1.45,0.31,0.25,0.03,0.22
Udonis Haslem,MIA,Roll + Cut Big,59,C,41,,-0.59,-0.62,0.03,0.1,-0.64,-0.58,-0.06,0.2,0.14,0.07
Usman Garuba,HOU,Stretch Big,112,PF,20,,0.95,0.09,0.86,0.2,0.25,-0.45,0.7,0.65,0.5,0.15
Vernon Carey Jr.,CHO/WAS,Roll + Cut Big,18,C,21,,-1.05,-0.49,-0.57,0,-1.02,-0.48,-0.54,-0.23,-0.05,-0.18
Victor Oladipo,MIA,Secondary Ball Handler,65,SG,29,,-0.76,-0.65,-0.12,0.1,-0.53,-0.38,-0.15,0,0,0
Vit Krejci,OKC,Stationary Shooter,351,SG,21,,-2.24,-2.03,-0.21,0,-2.49,-2.57,0.08,-0.02,-0.05,0.04
Vlatko Cancar,DEN,Stretch Big,152,PF,24,,-1.1,-1.12,0.01,0.1,-1.19,-0.95,-0.24,-0.52,-0.21,-0.31
Wayne Ellington,LAL,Movement Shooter,742,SG,34,,-2.02,-1.24,-0.79,0.2,-1.87,-0.81,-1.06,-0.97,-0.3,-0.67
Wayne Selden,NYK,Low Minute,19,SG,27,,-0.64,-0.34,-0.3,0,-0.47,-0.3,-0.17,-0.11,-0.07,-0.04
Wendell Carter Jr.,ORL,Stretch Big,"1,792",C,22,,2.01,0.01,2,5.1,0.37,-0.35,0.72,-0.61,-1.13,0.52
Wenyen Gabriel,BRK/LAC/LAL,Stretch Big,180,PF,24,,-0.7,-0.19,-0.52,0.2,-0.71,-0.42,-0.29,0,0,0
Wes Iwundu,ATL,Athletic Finisher,82,SF,27,,-1.37,-0.87,-0.49,0.1,-0.99,-0.88,-0.11,0,0,0
Wesley Matthews,MIL,Stationary Shooter,783,SG,35,,-1.75,-1.19,-0.56,0.3,-2.68,-2.02,-0.66,0.99,0.55,0.44
Will Barton,DEN,Secondary Ball Handler,"1,963",SG,31,,-0.71,-0.41,-0.3,2.1,0.56,0.5,0.06,0.06,-0.29,0.35
Willie Cauley-Stein,DAL/PHI,Roll + Cut Big,183,C,28,,-1.52,-1.76,0.24,0.1,-1.75,-1.68,-0.07,0.27,-0.19,0.46
Willy Hernangomez,NOP,Post Scorer,704,C,27,,0.61,1.51,-0.89,1.4,0.5,0.76,-0.26,-0.24,0.87,-1.12
Xavier Moon,LAC,Secondary Ball Handler,83,SG,27,,-0.8,-0.48,-0.32,0.1,-0.6,-0.41,-0.2,0,0,0
Xavier Sneed,MEM/UTA,Low Minute,19,SF,24,,-0.95,-0.25,-0.7,0,-0.85,-0.21,-0.63,0,0,0
Xavier Tillman,MEM,Roll + Cut Big,538,PF,23,,-0.19,-0.99,0.8,0.8,-0.21,-0.8,0.6,-0.2,0.03,-0.23
Yuta Watanabe,TOR,Stationary Shooter,408,SF,27,,-0.5,-0.93,0.43,0.5,-1.19,-1.44,0.25,0.63,-0.3,0.93
Yves Pons,MEM,Stretch Big,29,SF,22,,-1.55,-0.79,-0.75,0,-1.42,-0.71,-0.71,-0.08,-0.02,-0.06
Zach Collins,SAS,Stretch Big,293,PF,24,,-1.2,-1,-0.2,0.2,-1.11,-1.25,0.14,0,0,0
Zach LaVine,CHI,Shot Creator,"2,012",SF,27,,0.74,1.68,-0.94,4.1,1.25,2.38,-1.13,-0.77,-0.53,-0.23
Zeke Nnaji,DEN,Stretch Big,671,PF,21,,-2.3,-1.64,-0.66,0,-1.25,-1.02,-0.23,-1.13,-0.2,-0.93
Ziaire Williams,MEM,Stationary Shooter,"1,119",SF,20,,-3.23,-1.64,-1.58,-0.6,-2.48,-1.62,-0.86,-2.11,-0.76,-1.36
Zylan Cheatham,UTA,Low Minute,5,SF,26,,-0.64,-0.06,-0.58,0,-0.54,0.06,-0.59,0,0,0
,,,,,,,,,,,,,,,,
,,,,,,,,,,,,,,,,
,,,,,,,,,,,,,,,,
